,campaignId,usercountry,device,count,sum
0,+EK2Gt+EHdF0fjvLGb+liyI2Huw/qXqbh3ssilVs77M=,AR,ANDROID,2,0
1,+EK2Gt+EHdF0fjvLGb+liyI2Huw/qXqbh3ssilVs77M=,AU,ANDROID,2,0
2,+EK2Gt+EHdF0fjvLGb+liyI2Huw/qXqbh3ssilVs77M=,BE,ANDROID,1,0
3,+EK2Gt+EHdF0fjvLGb+liyI2Huw/qXqbh3ssilVs77M=,BO,ANDROID,1,0
4,+EK2Gt+EHdF0fjvLGb+liyI2Huw/qXqbh3ssilVs77M=,BR,ANDROID,24,0
5,+EK2Gt+EHdF0fjvLGb+liyI2Huw/qXqbh3ssilVs77M=,CA,ANDROID,3,0
6,+EK2Gt+EHdF0fjvLGb+liyI2Huw/qXqbh3ssilVs77M=,CH,ANDROID,1,0
7,+EK2Gt+EHdF0fjvLGb+liyI2Huw/qXqbh3ssilVs77M=,CL,ANDROID,8,0
8,+EK2Gt+EHdF0fjvLGb+liyI2Huw/qXqbh3ssilVs77M=,CO,ANDROID,6,0
9,+EK2Gt+EHdF0fjvLGb+liyI2Huw/qXqbh3ssilVs77M=,CR,ANDROID,1,0
10,+EK2Gt+EHdF0fjvLGb+liyI2Huw/qXqbh3ssilVs77M=,CZ,ANDROID,2,0
11,+EK2Gt+EHdF0fjvLGb+liyI2Huw/qXqbh3ssilVs77M=,DE,ANDROID,12,0
12,+EK2Gt+EHdF0fjvLGb+liyI2Huw/qXqbh3ssilVs77M=,ES,ANDROID,5,0
13,+EK2Gt+EHdF0fjvLGb+liyI2Huw/qXqbh3ssilVs77M=,FR,ANDROID,2,0
14,+EK2Gt+EHdF0fjvLGb+liyI2Huw/qXqbh3ssilVs77M=,GB,ANDROID,25,3
15,+EK2Gt+EHdF0fjvLGb+liyI2Huw/qXqbh3ssilVs77M=,GB,IOS,1,0
16,+EK2Gt+EHdF0fjvLGb+liyI2Huw/qXqbh3ssilVs77M=,GR,ANDROID,2,0
17,+EK2Gt+EHdF0fjvLGb+liyI2Huw/qXqbh3ssilVs77M=,HU,ANDROID,5,0
18,+EK2Gt+EHdF0fjvLGb+liyI2Huw/qXqbh3ssilVs77M=,IE,ANDROID,3,0
19,+EK2Gt+EHdF0fjvLGb+liyI2Huw/qXqbh3ssilVs77M=,IL,ANDROID,2,0
20,+EK2Gt+EHdF0fjvLGb+liyI2Huw/qXqbh3ssilVs77M=,IT,ANDROID,12,0
21,+EK2Gt+EHdF0fjvLGb+liyI2Huw/qXqbh3ssilVs77M=,LV,ANDROID,1,0
22,+EK2Gt+EHdF0fjvLGb+liyI2Huw/qXqbh3ssilVs77M=,MX,ANDROID,10,1
23,+EK2Gt+EHdF0fjvLGb+liyI2Huw/qXqbh3ssilVs77M=,MY,ANDROID,2,0
24,+EK2Gt+EHdF0fjvLGb+liyI2Huw/qXqbh3ssilVs77M=,NL,ANDROID,8,0
25,+EK2Gt+EHdF0fjvLGb+liyI2Huw/qXqbh3ssilVs77M=,NO,ANDROID,1,0
26,+EK2Gt+EHdF0fjvLGb+liyI2Huw/qXqbh3ssilVs77M=,PE,ANDROID,1,0
27,+EK2Gt+EHdF0fjvLGb+liyI2Huw/qXqbh3ssilVs77M=,PL,ANDROID,7,0
28,+EK2Gt+EHdF0fjvLGb+liyI2Huw/qXqbh3ssilVs77M=,PT,ANDROID,4,0
29,+EK2Gt+EHdF0fjvLGb+liyI2Huw/qXqbh3ssilVs77M=,SI,ANDROID,1,0
30,+EK2Gt+EHdF0fjvLGb+liyI2Huw/qXqbh3ssilVs77M=,TR,ANDROID,5,0
31,+EK2Gt+EHdF0fjvLGb+liyI2Huw/qXqbh3ssilVs77M=,TW,ANDROID,2,0
32,+EK2Gt+EHdF0fjvLGb+liyI2Huw/qXqbh3ssilVs77M=,US,ANDROID,30,3
33,+EK2Gt+EHdF0fjvLGb+liyI2Huw/qXqbh3ssilVs77M=,UY,ANDROID,2,0
34,2DxA+kdPcF1FRg6Hju5z/+WR6VEypTysZYWTGwvqtFU=,DE,IOS,94,27
35,4EPzfhaYBdO1groLb/JBb6j0OAV2bqxyn8fUBBeZ6HM=,GB,IOS,212,577
36,4EPzfhaYBdO1groLb/JBb6j0OAV2bqxyn8fUBBeZ6HM=,IE,IOS,1,0
37,4EPzfhaYBdO1groLb/JBb6j0OAV2bqxyn8fUBBeZ6HM=,JE,IOS,1,0
38,4EPzfhaYBdO1groLb/JBb6j0OAV2bqxyn8fUBBeZ6HM=,US,IOS,1,0
39,56J1YcgV3zjZLkZh98zqPUYnsBZwZSwT+bn0WvU9xD4=,US,ANDROID,7,1
40,56J1YcgV3zjZLkZh98zqPUYnsBZwZSwT+bn0WvU9xD4=,US,FIREOS,671,55
41,5G8Oip9n5DnrUD+Y/Ysu7yfMN8KMa3VXM3Z3mxXt9MQ=,ES,IOS,1,0
42,5G8Oip9n5DnrUD+Y/Ysu7yfMN8KMa3VXM3Z3mxXt9MQ=,MX,IOS,2,0
43,5G8Oip9n5DnrUD+Y/Ysu7yfMN8KMa3VXM3Z3mxXt9MQ=,NO,IOS,1,0
44,5G8Oip9n5DnrUD+Y/Ysu7yfMN8KMa3VXM3Z3mxXt9MQ=,US,ANDROID,1,0
45,5G8Oip9n5DnrUD+Y/Ysu7yfMN8KMa3VXM3Z3mxXt9MQ=,US,IOS,349,72
46,6aT8a/ioqg+bD7OEhSE7AhnjrRgh92sEvL1blDa1jEk=,CA,IOS,1,0
47,6aT8a/ioqg+bD7OEhSE7AhnjrRgh92sEvL1blDa1jEk=,IL,IOS,1,0
48,6aT8a/ioqg+bD7OEhSE7AhnjrRgh92sEvL1blDa1jEk=,US,IOS,788,93
49,8DTtesGlHX+thch2jZIocoW7tTfs6qnyBo5HmBOyV2M=,CA,IOS,1,0
50,8DTtesGlHX+thch2jZIocoW7tTfs6qnyBo5HmBOyV2M=,ES,ANDROID,1,0
51,8DTtesGlHX+thch2jZIocoW7tTfs6qnyBo5HmBOyV2M=,GB,ANDROID,1,0
52,8DTtesGlHX+thch2jZIocoW7tTfs6qnyBo5HmBOyV2M=,GB,IOS,148,15
53,8DTtesGlHX+thch2jZIocoW7tTfs6qnyBo5HmBOyV2M=,PT,IOS,1,0
54,8DTtesGlHX+thch2jZIocoW7tTfs6qnyBo5HmBOyV2M=,SI,IOS,1,1
55,8DTtesGlHX+thch2jZIocoW7tTfs6qnyBo5HmBOyV2M=,US,IOS,1,0
56,8FYEiJzMlMXNOADPnwa1A+oQrvEWDTz0E154yTQiUyI=,US,FIREOS,2,0
57,9SSE6PhEyT61Gjy+aUHTaAjMf+kxm9o9E4bY/lKEiS0=,US,ANDROID,7,1
58,9SSE6PhEyT61Gjy+aUHTaAjMf+kxm9o9E4bY/lKEiS0=,US,FIREOS,638,118
59,9VmE9GnbpF+jnmBOwSicdMKDBge4U3HGLEFC4DJ3bsI=,US,ANDROID,3,0
60,9VmE9GnbpF+jnmBOwSicdMKDBge4U3HGLEFC4DJ3bsI=,US,FIREOS,279,15
61,9s5vVew1HvRvFU+l8FHarl/rh1WBtudlUUe+K5CuudM=,AE,IOS,4,0
62,9s5vVew1HvRvFU+l8FHarl/rh1WBtudlUUe+K5CuudM=,AR,ANDROID,1,0
63,9s5vVew1HvRvFU+l8FHarl/rh1WBtudlUUe+K5CuudM=,AR,IOS,21,1
64,9s5vVew1HvRvFU+l8FHarl/rh1WBtudlUUe+K5CuudM=,AT,IOS,20,11
65,9s5vVew1HvRvFU+l8FHarl/rh1WBtudlUUe+K5CuudM=,AU,IOS,48,49
66,9s5vVew1HvRvFU+l8FHarl/rh1WBtudlUUe+K5CuudM=,AZ,IOS,2,0
67,9s5vVew1HvRvFU+l8FHarl/rh1WBtudlUUe+K5CuudM=,BG,IOS,3,0
68,9s5vVew1HvRvFU+l8FHarl/rh1WBtudlUUe+K5CuudM=,BN,IOS,1,0
69,9s5vVew1HvRvFU+l8FHarl/rh1WBtudlUUe+K5CuudM=,BO,IOS,1,0
70,9s5vVew1HvRvFU+l8FHarl/rh1WBtudlUUe+K5CuudM=,BR,ANDROID,2,0
71,9s5vVew1HvRvFU+l8FHarl/rh1WBtudlUUe+K5CuudM=,BR,IOS,161,22
72,9s5vVew1HvRvFU+l8FHarl/rh1WBtudlUUe+K5CuudM=,BY,IOS,1,0
73,9s5vVew1HvRvFU+l8FHarl/rh1WBtudlUUe+K5CuudM=,CA,IOS,66,50
74,9s5vVew1HvRvFU+l8FHarl/rh1WBtudlUUe+K5CuudM=,CH,IOS,24,24
75,9s5vVew1HvRvFU+l8FHarl/rh1WBtudlUUe+K5CuudM=,CL,IOS,40,7
76,9s5vVew1HvRvFU+l8FHarl/rh1WBtudlUUe+K5CuudM=,CO,IOS,18,0
77,9s5vVew1HvRvFU+l8FHarl/rh1WBtudlUUe+K5CuudM=,CR,IOS,15,0
78,9s5vVew1HvRvFU+l8FHarl/rh1WBtudlUUe+K5CuudM=,CV,IOS,1,0
79,9s5vVew1HvRvFU+l8FHarl/rh1WBtudlUUe+K5CuudM=,CY,IOS,5,0
80,9s5vVew1HvRvFU+l8FHarl/rh1WBtudlUUe+K5CuudM=,CZ,IOS,8,1
81,9s5vVew1HvRvFU+l8FHarl/rh1WBtudlUUe+K5CuudM=,DE,IOS,50,19
82,9s5vVew1HvRvFU+l8FHarl/rh1WBtudlUUe+K5CuudM=,DK,IOS,4,0
83,9s5vVew1HvRvFU+l8FHarl/rh1WBtudlUUe+K5CuudM=,EC,IOS,4,0
84,9s5vVew1HvRvFU+l8FHarl/rh1WBtudlUUe+K5CuudM=,EE,IOS,2,0
85,9s5vVew1HvRvFU+l8FHarl/rh1WBtudlUUe+K5CuudM=,EG,IOS,2,0
86,9s5vVew1HvRvFU+l8FHarl/rh1WBtudlUUe+K5CuudM=,ES,IOS,36,0
87,9s5vVew1HvRvFU+l8FHarl/rh1WBtudlUUe+K5CuudM=,FI,IOS,10,31
88,9s5vVew1HvRvFU+l8FHarl/rh1WBtudlUUe+K5CuudM=,FR,IOS,21,15
89,9s5vVew1HvRvFU+l8FHarl/rh1WBtudlUUe+K5CuudM=,GB,ANDROID,1,0
90,9s5vVew1HvRvFU+l8FHarl/rh1WBtudlUUe+K5CuudM=,GB,IOS,132,95
91,9s5vVew1HvRvFU+l8FHarl/rh1WBtudlUUe+K5CuudM=,GR,IOS,10,0
92,9s5vVew1HvRvFU+l8FHarl/rh1WBtudlUUe+K5CuudM=,GT,IOS,3,0
93,9s5vVew1HvRvFU+l8FHarl/rh1WBtudlUUe+K5CuudM=,HK,IOS,20,0
94,9s5vVew1HvRvFU+l8FHarl/rh1WBtudlUUe+K5CuudM=,HN,IOS,4,0
95,9s5vVew1HvRvFU+l8FHarl/rh1WBtudlUUe+K5CuudM=,HR,IOS,2,0
96,9s5vVew1HvRvFU+l8FHarl/rh1WBtudlUUe+K5CuudM=,HU,IOS,18,1
97,9s5vVew1HvRvFU+l8FHarl/rh1WBtudlUUe+K5CuudM=,ID,IOS,7,0
98,9s5vVew1HvRvFU+l8FHarl/rh1WBtudlUUe+K5CuudM=,IE,IOS,11,20
99,9s5vVew1HvRvFU+l8FHarl/rh1WBtudlUUe+K5CuudM=,IL,IOS,4,1
100,9s5vVew1HvRvFU+l8FHarl/rh1WBtudlUUe+K5CuudM=,IS,IOS,1,0
101,9s5vVew1HvRvFU+l8FHarl/rh1WBtudlUUe+K5CuudM=,IT,ANDROID,1,0
102,9s5vVew1HvRvFU+l8FHarl/rh1WBtudlUUe+K5CuudM=,IT,IOS,144,50
103,9s5vVew1HvRvFU+l8FHarl/rh1WBtudlUUe+K5CuudM=,JP,IOS,15,0
104,9s5vVew1HvRvFU+l8FHarl/rh1WBtudlUUe+K5CuudM=,KR,IOS,5,0
105,9s5vVew1HvRvFU+l8FHarl/rh1WBtudlUUe+K5CuudM=,LT,IOS,1,0
106,9s5vVew1HvRvFU+l8FHarl/rh1WBtudlUUe+K5CuudM=,LU,IOS,4,0
107,9s5vVew1HvRvFU+l8FHarl/rh1WBtudlUUe+K5CuudM=,LV,IOS,2,0
108,9s5vVew1HvRvFU+l8FHarl/rh1WBtudlUUe+K5CuudM=,MG,IOS,1,0
109,9s5vVew1HvRvFU+l8FHarl/rh1WBtudlUUe+K5CuudM=,MO,IOS,1,0
110,9s5vVew1HvRvFU+l8FHarl/rh1WBtudlUUe+K5CuudM=,MT,IOS,1,0
111,9s5vVew1HvRvFU+l8FHarl/rh1WBtudlUUe+K5CuudM=,MX,ANDROID,2,0
112,9s5vVew1HvRvFU+l8FHarl/rh1WBtudlUUe+K5CuudM=,MX,IOS,163,46
113,9s5vVew1HvRvFU+l8FHarl/rh1WBtudlUUe+K5CuudM=,MY,IOS,14,0
114,9s5vVew1HvRvFU+l8FHarl/rh1WBtudlUUe+K5CuudM=,NL,IOS,1,0
115,9s5vVew1HvRvFU+l8FHarl/rh1WBtudlUUe+K5CuudM=,NO,IOS,4,0
116,9s5vVew1HvRvFU+l8FHarl/rh1WBtudlUUe+K5CuudM=,NZ,IOS,10,1
117,9s5vVew1HvRvFU+l8FHarl/rh1WBtudlUUe+K5CuudM=,PA,IOS,3,0
118,9s5vVew1HvRvFU+l8FHarl/rh1WBtudlUUe+K5CuudM=,PE,IOS,16,9
119,9s5vVew1HvRvFU+l8FHarl/rh1WBtudlUUe+K5CuudM=,PH,IOS,11,0
120,9s5vVew1HvRvFU+l8FHarl/rh1WBtudlUUe+K5CuudM=,PL,IOS,7,0
121,9s5vVew1HvRvFU+l8FHarl/rh1WBtudlUUe+K5CuudM=,PT,IOS,22,0
122,9s5vVew1HvRvFU+l8FHarl/rh1WBtudlUUe+K5CuudM=,PY,IOS,2,1
123,9s5vVew1HvRvFU+l8FHarl/rh1WBtudlUUe+K5CuudM=,QA,ANDROID,1,0
124,9s5vVew1HvRvFU+l8FHarl/rh1WBtudlUUe+K5CuudM=,RO,IOS,4,0
125,9s5vVew1HvRvFU+l8FHarl/rh1WBtudlUUe+K5CuudM=,RU,IOS,10,0
126,9s5vVew1HvRvFU+l8FHarl/rh1WBtudlUUe+K5CuudM=,SA,IOS,1,0
127,9s5vVew1HvRvFU+l8FHarl/rh1WBtudlUUe+K5CuudM=,SE,IOS,10,13
128,9s5vVew1HvRvFU+l8FHarl/rh1WBtudlUUe+K5CuudM=,SG,IOS,4,4
129,9s5vVew1HvRvFU+l8FHarl/rh1WBtudlUUe+K5CuudM=,SK,IOS,1,0
130,9s5vVew1HvRvFU+l8FHarl/rh1WBtudlUUe+K5CuudM=,SV,IOS,2,0
131,9s5vVew1HvRvFU+l8FHarl/rh1WBtudlUUe+K5CuudM=,TH,IOS,1,0
132,9s5vVew1HvRvFU+l8FHarl/rh1WBtudlUUe+K5CuudM=,TR,IOS,20,0
133,9s5vVew1HvRvFU+l8FHarl/rh1WBtudlUUe+K5CuudM=,TW,IOS,6,4
134,9s5vVew1HvRvFU+l8FHarl/rh1WBtudlUUe+K5CuudM=,UA,IOS,2,0
135,9s5vVew1HvRvFU+l8FHarl/rh1WBtudlUUe+K5CuudM=,US,ANDROID,4,3
136,9s5vVew1HvRvFU+l8FHarl/rh1WBtudlUUe+K5CuudM=,US,IOS,476,586
137,9s5vVew1HvRvFU+l8FHarl/rh1WBtudlUUe+K5CuudM=,UY,IOS,4,0
138,9s5vVew1HvRvFU+l8FHarl/rh1WBtudlUUe+K5CuudM=,VE,IOS,2,0
139,9s5vVew1HvRvFU+l8FHarl/rh1WBtudlUUe+K5CuudM=,ZA,IOS,21,1
140,9s5vVew1HvRvFU+l8FHarl/rh1WBtudlUUe+K5CuudM=,ZW,IOS,1,0
141,AAAE1dpTYQH//cPwEbV5DAk3i8MjO00lZ9fec+Nvv6w=,AU,IOS,1,0
142,AAAE1dpTYQH//cPwEbV5DAk3i8MjO00lZ9fec+Nvv6w=,CA,IOS,3,0
143,AAAE1dpTYQH//cPwEbV5DAk3i8MjO00lZ9fec+Nvv6w=,DE,IOS,2,0
144,AAAE1dpTYQH//cPwEbV5DAk3i8MjO00lZ9fec+Nvv6w=,GB,IOS,1,0
145,AAAE1dpTYQH//cPwEbV5DAk3i8MjO00lZ9fec+Nvv6w=,IT,IOS,1,0
146,AAAE1dpTYQH//cPwEbV5DAk3i8MjO00lZ9fec+Nvv6w=,MX,IOS,1,0
147,AAAE1dpTYQH//cPwEbV5DAk3i8MjO00lZ9fec+Nvv6w=,US,ANDROID,1,1
148,AAAE1dpTYQH//cPwEbV5DAk3i8MjO00lZ9fec+Nvv6w=,US,FIREOS,6,0
149,AAAE1dpTYQH//cPwEbV5DAk3i8MjO00lZ9fec+Nvv6w=,US,IOS,1107,560
150,BFnQt9hLS5+pvwP3SJGEbeiPZHjxJaBrw2QapNpiorw=,AT,IOS,1,0
151,BFnQt9hLS5+pvwP3SJGEbeiPZHjxJaBrw2QapNpiorw=,DE,IOS,254,19
152,BFnQt9hLS5+pvwP3SJGEbeiPZHjxJaBrw2QapNpiorw=,FR,IOS,1,0
153,BFnQt9hLS5+pvwP3SJGEbeiPZHjxJaBrw2QapNpiorw=,IR,IOS,1,0
154,BFnQt9hLS5+pvwP3SJGEbeiPZHjxJaBrw2QapNpiorw=,SA,IOS,1,0
155,CMwEjsNwn3FSA3JocyHCiYDpK/UGjMO1QABBteNYNtc=,US,FIREOS,21,0
156,CYB/ABKnt1sO6FmmaFMBiJ9dfky/mq91bU0vop1Mt00=,EE,ANDROID,1,0
157,CYB/ABKnt1sO6FmmaFMBiJ9dfky/mq91bU0vop1Mt00=,GB,ANDROID,165,79
158,CYB/ABKnt1sO6FmmaFMBiJ9dfky/mq91bU0vop1Mt00=,GB,FIREOS,1,0
159,CYB/ABKnt1sO6FmmaFMBiJ9dfky/mq91bU0vop1Mt00=,GB,IOS,1,0
160,CYB/ABKnt1sO6FmmaFMBiJ9dfky/mq91bU0vop1Mt00=,PT,ANDROID,1,0
161,CoQdYhm/MCkxkNt1YOLl4fzkifuGrMAbW7Ub2aZpaPc=,CY,ANDROID,1,0
162,CoQdYhm/MCkxkNt1YOLl4fzkifuGrMAbW7Ub2aZpaPc=,ES,ANDROID,2,0
163,CoQdYhm/MCkxkNt1YOLl4fzkifuGrMAbW7Ub2aZpaPc=,FR,ANDROID,2,0
164,CoQdYhm/MCkxkNt1YOLl4fzkifuGrMAbW7Ub2aZpaPc=,GB,ANDROID,454,76
165,CoQdYhm/MCkxkNt1YOLl4fzkifuGrMAbW7Ub2aZpaPc=,GB,FIREOS,2,0
166,CoQdYhm/MCkxkNt1YOLl4fzkifuGrMAbW7Ub2aZpaPc=,GB,IOS,3,0
167,CoQdYhm/MCkxkNt1YOLl4fzkifuGrMAbW7Ub2aZpaPc=,KW,ANDROID,1,1
168,CoQdYhm/MCkxkNt1YOLl4fzkifuGrMAbW7Ub2aZpaPc=,PT,ANDROID,1,0
169,DGu8Fff+iS3k3e7IMp2o3rWruCvYlLpz69ALK3Xgqpg=,US,FIREOS,1,0
170,DeMRwe4WY8jFxoh6tWiad0MY1n1CihcL7o2g85GhAVs=,AR,ANDROID,10,0
171,DeMRwe4WY8jFxoh6tWiad0MY1n1CihcL7o2g85GhAVs=,AR,IOS,1,0
172,DeMRwe4WY8jFxoh6tWiad0MY1n1CihcL7o2g85GhAVs=,AT,ANDROID,3,0
173,DeMRwe4WY8jFxoh6tWiad0MY1n1CihcL7o2g85GhAVs=,AT,IOS,1,1
174,DeMRwe4WY8jFxoh6tWiad0MY1n1CihcL7o2g85GhAVs=,AU,ANDROID,9,9
175,DeMRwe4WY8jFxoh6tWiad0MY1n1CihcL7o2g85GhAVs=,AU,IOS,8,3
176,DeMRwe4WY8jFxoh6tWiad0MY1n1CihcL7o2g85GhAVs=,BE,ANDROID,6,0
177,DeMRwe4WY8jFxoh6tWiad0MY1n1CihcL7o2g85GhAVs=,BE,IOS,1,0
178,DeMRwe4WY8jFxoh6tWiad0MY1n1CihcL7o2g85GhAVs=,BO,IOS,1,0
179,DeMRwe4WY8jFxoh6tWiad0MY1n1CihcL7o2g85GhAVs=,BR,ANDROID,23,0
180,DeMRwe4WY8jFxoh6tWiad0MY1n1CihcL7o2g85GhAVs=,BR,IOS,7,0
181,DeMRwe4WY8jFxoh6tWiad0MY1n1CihcL7o2g85GhAVs=,CA,ANDROID,6,0
182,DeMRwe4WY8jFxoh6tWiad0MY1n1CihcL7o2g85GhAVs=,CA,IOS,7,2
183,DeMRwe4WY8jFxoh6tWiad0MY1n1CihcL7o2g85GhAVs=,CH,ANDROID,1,0
184,DeMRwe4WY8jFxoh6tWiad0MY1n1CihcL7o2g85GhAVs=,CH,IOS,1,0
185,DeMRwe4WY8jFxoh6tWiad0MY1n1CihcL7o2g85GhAVs=,CL,ANDROID,9,0
186,DeMRwe4WY8jFxoh6tWiad0MY1n1CihcL7o2g85GhAVs=,CO,ANDROID,2,0
187,DeMRwe4WY8jFxoh6tWiad0MY1n1CihcL7o2g85GhAVs=,CO,IOS,1,0
188,DeMRwe4WY8jFxoh6tWiad0MY1n1CihcL7o2g85GhAVs=,CR,ANDROID,1,0
189,DeMRwe4WY8jFxoh6tWiad0MY1n1CihcL7o2g85GhAVs=,CZ,ANDROID,8,5
190,DeMRwe4WY8jFxoh6tWiad0MY1n1CihcL7o2g85GhAVs=,CZ,IOS,1,0
191,DeMRwe4WY8jFxoh6tWiad0MY1n1CihcL7o2g85GhAVs=,DE,ANDROID,25,1
192,DeMRwe4WY8jFxoh6tWiad0MY1n1CihcL7o2g85GhAVs=,DE,IOS,8,0
193,DeMRwe4WY8jFxoh6tWiad0MY1n1CihcL7o2g85GhAVs=,DK,ANDROID,4,0
194,DeMRwe4WY8jFxoh6tWiad0MY1n1CihcL7o2g85GhAVs=,EG,IOS,1,0
195,DeMRwe4WY8jFxoh6tWiad0MY1n1CihcL7o2g85GhAVs=,ES,ANDROID,9,0
196,DeMRwe4WY8jFxoh6tWiad0MY1n1CihcL7o2g85GhAVs=,ES,IOS,1,0
197,DeMRwe4WY8jFxoh6tWiad0MY1n1CihcL7o2g85GhAVs=,FI,ANDROID,3,0
198,DeMRwe4WY8jFxoh6tWiad0MY1n1CihcL7o2g85GhAVs=,FR,ANDROID,6,0
199,DeMRwe4WY8jFxoh6tWiad0MY1n1CihcL7o2g85GhAVs=,FR,IOS,4,0
200,DeMRwe4WY8jFxoh6tWiad0MY1n1CihcL7o2g85GhAVs=,GB,ANDROID,14,5
201,DeMRwe4WY8jFxoh6tWiad0MY1n1CihcL7o2g85GhAVs=,GB,IOS,16,1
202,DeMRwe4WY8jFxoh6tWiad0MY1n1CihcL7o2g85GhAVs=,GE,ANDROID,1,0
203,DeMRwe4WY8jFxoh6tWiad0MY1n1CihcL7o2g85GhAVs=,GR,ANDROID,3,0
204,DeMRwe4WY8jFxoh6tWiad0MY1n1CihcL7o2g85GhAVs=,GR,IOS,1,0
205,DeMRwe4WY8jFxoh6tWiad0MY1n1CihcL7o2g85GhAVs=,GT,ANDROID,2,0
206,DeMRwe4WY8jFxoh6tWiad0MY1n1CihcL7o2g85GhAVs=,HU,ANDROID,7,0
207,DeMRwe4WY8jFxoh6tWiad0MY1n1CihcL7o2g85GhAVs=,HU,IOS,1,0
208,DeMRwe4WY8jFxoh6tWiad0MY1n1CihcL7o2g85GhAVs=,ID,IOS,1,0
209,DeMRwe4WY8jFxoh6tWiad0MY1n1CihcL7o2g85GhAVs=,IL,ANDROID,1,0
210,DeMRwe4WY8jFxoh6tWiad0MY1n1CihcL7o2g85GhAVs=,IN,ANDROID,5,0
211,DeMRwe4WY8jFxoh6tWiad0MY1n1CihcL7o2g85GhAVs=,IT,ANDROID,9,0
212,DeMRwe4WY8jFxoh6tWiad0MY1n1CihcL7o2g85GhAVs=,IT,IOS,1,0
213,DeMRwe4WY8jFxoh6tWiad0MY1n1CihcL7o2g85GhAVs=,JP,ANDROID,1,0
214,DeMRwe4WY8jFxoh6tWiad0MY1n1CihcL7o2g85GhAVs=,JP,IOS,2,0
215,DeMRwe4WY8jFxoh6tWiad0MY1n1CihcL7o2g85GhAVs=,KW,ANDROID,1,0
216,DeMRwe4WY8jFxoh6tWiad0MY1n1CihcL7o2g85GhAVs=,LT,ANDROID,1,0
217,DeMRwe4WY8jFxoh6tWiad0MY1n1CihcL7o2g85GhAVs=,MX,ANDROID,14,0
218,DeMRwe4WY8jFxoh6tWiad0MY1n1CihcL7o2g85GhAVs=,MX,IOS,3,0
219,DeMRwe4WY8jFxoh6tWiad0MY1n1CihcL7o2g85GhAVs=,MY,ANDROID,1,0
220,DeMRwe4WY8jFxoh6tWiad0MY1n1CihcL7o2g85GhAVs=,NC,ANDROID,1,0
221,DeMRwe4WY8jFxoh6tWiad0MY1n1CihcL7o2g85GhAVs=,NL,ANDROID,3,0
222,DeMRwe4WY8jFxoh6tWiad0MY1n1CihcL7o2g85GhAVs=,NL,IOS,2,4
223,DeMRwe4WY8jFxoh6tWiad0MY1n1CihcL7o2g85GhAVs=,NO,ANDROID,1,0
224,DeMRwe4WY8jFxoh6tWiad0MY1n1CihcL7o2g85GhAVs=,NO,IOS,2,0
225,DeMRwe4WY8jFxoh6tWiad0MY1n1CihcL7o2g85GhAVs=,NZ,ANDROID,1,0
226,DeMRwe4WY8jFxoh6tWiad0MY1n1CihcL7o2g85GhAVs=,NZ,IOS,2,16
227,DeMRwe4WY8jFxoh6tWiad0MY1n1CihcL7o2g85GhAVs=,PE,ANDROID,4,0
228,DeMRwe4WY8jFxoh6tWiad0MY1n1CihcL7o2g85GhAVs=,PE,IOS,1,0
229,DeMRwe4WY8jFxoh6tWiad0MY1n1CihcL7o2g85GhAVs=,PL,ANDROID,1,0
230,DeMRwe4WY8jFxoh6tWiad0MY1n1CihcL7o2g85GhAVs=,PL,IOS,3,58
231,DeMRwe4WY8jFxoh6tWiad0MY1n1CihcL7o2g85GhAVs=,PT,ANDROID,2,0
232,DeMRwe4WY8jFxoh6tWiad0MY1n1CihcL7o2g85GhAVs=,PT,IOS,2,0
233,DeMRwe4WY8jFxoh6tWiad0MY1n1CihcL7o2g85GhAVs=,RE,IOS,1,0
234,DeMRwe4WY8jFxoh6tWiad0MY1n1CihcL7o2g85GhAVs=,RO,ANDROID,4,0
235,DeMRwe4WY8jFxoh6tWiad0MY1n1CihcL7o2g85GhAVs=,RS,ANDROID,1,0
236,DeMRwe4WY8jFxoh6tWiad0MY1n1CihcL7o2g85GhAVs=,RU,ANDROID,3,12
237,DeMRwe4WY8jFxoh6tWiad0MY1n1CihcL7o2g85GhAVs=,RU,IOS,1,0
238,DeMRwe4WY8jFxoh6tWiad0MY1n1CihcL7o2g85GhAVs=,SE,ANDROID,5,3
239,DeMRwe4WY8jFxoh6tWiad0MY1n1CihcL7o2g85GhAVs=,SI,ANDROID,1,0
240,DeMRwe4WY8jFxoh6tWiad0MY1n1CihcL7o2g85GhAVs=,TN,IOS,1,2
241,DeMRwe4WY8jFxoh6tWiad0MY1n1CihcL7o2g85GhAVs=,TR,ANDROID,4,0
242,DeMRwe4WY8jFxoh6tWiad0MY1n1CihcL7o2g85GhAVs=,TW,ANDROID,4,0
243,DeMRwe4WY8jFxoh6tWiad0MY1n1CihcL7o2g85GhAVs=,TW,IOS,3,0
244,DeMRwe4WY8jFxoh6tWiad0MY1n1CihcL7o2g85GhAVs=,UA,ANDROID,2,0
245,DeMRwe4WY8jFxoh6tWiad0MY1n1CihcL7o2g85GhAVs=,US,ANDROID,37,3
246,DeMRwe4WY8jFxoh6tWiad0MY1n1CihcL7o2g85GhAVs=,US,FIREOS,2,0
247,DeMRwe4WY8jFxoh6tWiad0MY1n1CihcL7o2g85GhAVs=,US,IOS,24,20
248,DeMRwe4WY8jFxoh6tWiad0MY1n1CihcL7o2g85GhAVs=,UY,ANDROID,3,0
249,DeMRwe4WY8jFxoh6tWiad0MY1n1CihcL7o2g85GhAVs=,VN,ANDROID,2,0
250,DeMRwe4WY8jFxoh6tWiad0MY1n1CihcL7o2g85GhAVs=,ZA,ANDROID,2,0
251,EbVcsorl/TgbQs2VrbxYBhbbq4FK+m+Gu2Uvtw22tJs=,BE,ANDROID,1,0
252,EbVcsorl/TgbQs2VrbxYBhbbq4FK+m+Gu2Uvtw22tJs=,CZ,ANDROID,1,0
253,EbVcsorl/TgbQs2VrbxYBhbbq4FK+m+Gu2Uvtw22tJs=,DE,ANDROID,334,21
254,EbVcsorl/TgbQs2VrbxYBhbbq4FK+m+Gu2Uvtw22tJs=,DK,ANDROID,1,0
255,EbVcsorl/TgbQs2VrbxYBhbbq4FK+m+Gu2Uvtw22tJs=,NL,ANDROID,1,0
256,EmpE58lmgamWvEvGHsB8aYKs0n0uFE17Caeb2REgFUY=,AU,ANDROID,21,71
257,EmpE58lmgamWvEvGHsB8aYKs0n0uFE17Caeb2REgFUY=,CA,ANDROID,57,0
258,EmpE58lmgamWvEvGHsB8aYKs0n0uFE17Caeb2REgFUY=,CH,ANDROID,6,2
259,EmpE58lmgamWvEvGHsB8aYKs0n0uFE17Caeb2REgFUY=,DK,ANDROID,8,1
260,EmpE58lmgamWvEvGHsB8aYKs0n0uFE17Caeb2REgFUY=,ES,ANDROID,1,0
261,EmpE58lmgamWvEvGHsB8aYKs0n0uFE17Caeb2REgFUY=,FR,ANDROID,74,0
262,EmpE58lmgamWvEvGHsB8aYKs0n0uFE17Caeb2REgFUY=,GB,ANDROID,1,0
263,EmpE58lmgamWvEvGHsB8aYKs0n0uFE17Caeb2REgFUY=,NO,ANDROID,3,0
264,EmpE58lmgamWvEvGHsB8aYKs0n0uFE17Caeb2REgFUY=,NZ,ANDROID,25,12
265,EmpE58lmgamWvEvGHsB8aYKs0n0uFE17Caeb2REgFUY=,SE,ANDROID,16,1
266,EmpE58lmgamWvEvGHsB8aYKs0n0uFE17Caeb2REgFUY=,SG,ANDROID,16,0
267,EtK6Q1xqQX2MBrA/IozkvXcq3nO+pSl1vyQEzGR2Joc=,US,ANDROID,395,315
268,HPdkf36kyd2qu4TGzBQlgU9H/N1uADh3/Edpobyok84=,BE,ANDROID,1,0
269,HPdkf36kyd2qu4TGzBQlgU9H/N1uADh3/Edpobyok84=,BR,ANDROID,21,0
270,HPdkf36kyd2qu4TGzBQlgU9H/N1uADh3/Edpobyok84=,CA,ANDROID,1,0
271,HPdkf36kyd2qu4TGzBQlgU9H/N1uADh3/Edpobyok84=,CL,ANDROID,2,0
272,HPdkf36kyd2qu4TGzBQlgU9H/N1uADh3/Edpobyok84=,CO,ANDROID,2,0
273,HPdkf36kyd2qu4TGzBQlgU9H/N1uADh3/Edpobyok84=,CZ,ANDROID,1,0
274,HPdkf36kyd2qu4TGzBQlgU9H/N1uADh3/Edpobyok84=,DE,ANDROID,2,0
275,HPdkf36kyd2qu4TGzBQlgU9H/N1uADh3/Edpobyok84=,EC,ANDROID,1,0
276,HPdkf36kyd2qu4TGzBQlgU9H/N1uADh3/Edpobyok84=,ES,ANDROID,8,2
277,HPdkf36kyd2qu4TGzBQlgU9H/N1uADh3/Edpobyok84=,GB,ANDROID,2,0
278,HPdkf36kyd2qu4TGzBQlgU9H/N1uADh3/Edpobyok84=,HK,ANDROID,1,0
279,HPdkf36kyd2qu4TGzBQlgU9H/N1uADh3/Edpobyok84=,HU,ANDROID,5,0
280,HPdkf36kyd2qu4TGzBQlgU9H/N1uADh3/Edpobyok84=,IT,ANDROID,2,0
281,HPdkf36kyd2qu4TGzBQlgU9H/N1uADh3/Edpobyok84=,LV,ANDROID,2,11
282,HPdkf36kyd2qu4TGzBQlgU9H/N1uADh3/Edpobyok84=,MX,ANDROID,3,0
283,HPdkf36kyd2qu4TGzBQlgU9H/N1uADh3/Edpobyok84=,NL,ANDROID,2,0
284,HPdkf36kyd2qu4TGzBQlgU9H/N1uADh3/Edpobyok84=,PE,ANDROID,2,0
285,HPdkf36kyd2qu4TGzBQlgU9H/N1uADh3/Edpobyok84=,PL,ANDROID,2,0
286,HPdkf36kyd2qu4TGzBQlgU9H/N1uADh3/Edpobyok84=,PT,ANDROID,2,0
287,HPdkf36kyd2qu4TGzBQlgU9H/N1uADh3/Edpobyok84=,PY,ANDROID,1,0
288,HPdkf36kyd2qu4TGzBQlgU9H/N1uADh3/Edpobyok84=,SE,ANDROID,2,0
289,HPdkf36kyd2qu4TGzBQlgU9H/N1uADh3/Edpobyok84=,SK,ANDROID,1,0
290,HPdkf36kyd2qu4TGzBQlgU9H/N1uADh3/Edpobyok84=,TW,ANDROID,3,0
291,HPdkf36kyd2qu4TGzBQlgU9H/N1uADh3/Edpobyok84=,UA,ANDROID,1,0
292,HPdkf36kyd2qu4TGzBQlgU9H/N1uADh3/Edpobyok84=,US,ANDROID,13,0
293,HPdkf36kyd2qu4TGzBQlgU9H/N1uADh3/Edpobyok84=,ZA,ANDROID,1,0
294,HTK6cLEoOhcquBqQPrrPGxZU188t9AljXOG+E5xHpK8=,CA,IOS,1,0
295,HTK6cLEoOhcquBqQPrrPGxZU188t9AljXOG+E5xHpK8=,ES,IOS,1,0
296,HTK6cLEoOhcquBqQPrrPGxZU188t9AljXOG+E5xHpK8=,FR,IOS,1,0
297,HTK6cLEoOhcquBqQPrrPGxZU188t9AljXOG+E5xHpK8=,GB,ANDROID,1,0
298,HTK6cLEoOhcquBqQPrrPGxZU188t9AljXOG+E5xHpK8=,GB,FIREOS,1,0
299,HTK6cLEoOhcquBqQPrrPGxZU188t9AljXOG+E5xHpK8=,GB,IOS,488,167
300,HTK6cLEoOhcquBqQPrrPGxZU188t9AljXOG+E5xHpK8=,HU,IOS,1,4
301,HTK6cLEoOhcquBqQPrrPGxZU188t9AljXOG+E5xHpK8=,ID,IOS,1,0
302,HTK6cLEoOhcquBqQPrrPGxZU188t9AljXOG+E5xHpK8=,IT,IOS,1,0
303,HTK6cLEoOhcquBqQPrrPGxZU188t9AljXOG+E5xHpK8=,MX,IOS,1,0
304,HTK6cLEoOhcquBqQPrrPGxZU188t9AljXOG+E5xHpK8=,SC,IOS,1,1
305,HTK6cLEoOhcquBqQPrrPGxZU188t9AljXOG+E5xHpK8=,TR,IOS,1,0
306,HTK6cLEoOhcquBqQPrrPGxZU188t9AljXOG+E5xHpK8=,US,IOS,2,0
307,I0KJURGUPr2XGGM09EI3478XYHBZqE9meIrWB+W3HiY=,AU,ANDROID,37,96
308,I0KJURGUPr2XGGM09EI3478XYHBZqE9meIrWB+W3HiY=,CA,ANDROID,62,27
309,I0KJURGUPr2XGGM09EI3478XYHBZqE9meIrWB+W3HiY=,CH,ANDROID,14,0
310,I0KJURGUPr2XGGM09EI3478XYHBZqE9meIrWB+W3HiY=,DK,ANDROID,7,6
311,I0KJURGUPr2XGGM09EI3478XYHBZqE9meIrWB+W3HiY=,FR,ANDROID,37,16
312,I0KJURGUPr2XGGM09EI3478XYHBZqE9meIrWB+W3HiY=,NL,ANDROID,1,0
313,I0KJURGUPr2XGGM09EI3478XYHBZqE9meIrWB+W3HiY=,NO,ANDROID,7,5
314,I0KJURGUPr2XGGM09EI3478XYHBZqE9meIrWB+W3HiY=,NZ,ANDROID,9,1
315,I0KJURGUPr2XGGM09EI3478XYHBZqE9meIrWB+W3HiY=,SE,ANDROID,12,0
316,I0KJURGUPr2XGGM09EI3478XYHBZqE9meIrWB+W3HiY=,SG,ANDROID,12,0
317,Jq4ottr7mFI3nsrOqFzRtUkpegBYP3Mu2ZxKLzX8mGs=,BR,ANDROID,1,0
318,Jq4ottr7mFI3nsrOqFzRtUkpegBYP3Mu2ZxKLzX8mGs=,CA,ANDROID,3,0
319,Jq4ottr7mFI3nsrOqFzRtUkpegBYP3Mu2ZxKLzX8mGs=,CZ,ANDROID,1,0
320,Jq4ottr7mFI3nsrOqFzRtUkpegBYP3Mu2ZxKLzX8mGs=,US,ANDROID,470,71
321,Jq4ottr7mFI3nsrOqFzRtUkpegBYP3Mu2ZxKLzX8mGs=,US,FIREOS,3,0
322,Kp6jj75+REonZrk7TzOz9s+zGl5fHOejoVy6bCuvm6Q=,DE,ANDROID,251,81
323,Kp6jj75+REonZrk7TzOz9s+zGl5fHOejoVy6bCuvm6Q=,UA,ANDROID,1,0
324,LT4zr0LeYf+EnVYlGR+cH77K+DbdzVQ+khP+I/mq3XI=,CA,IOS,1,0
325,LT4zr0LeYf+EnVYlGR+cH77K+DbdzVQ+khP+I/mq3XI=,GB,IOS,1,0
326,LT4zr0LeYf+EnVYlGR+cH77K+DbdzVQ+khP+I/mq3XI=,MX,IOS,1,0
327,LT4zr0LeYf+EnVYlGR+cH77K+DbdzVQ+khP+I/mq3XI=,SE,IOS,1,0
328,LT4zr0LeYf+EnVYlGR+cH77K+DbdzVQ+khP+I/mq3XI=,US,ANDROID,1,0
329,LT4zr0LeYf+EnVYlGR+cH77K+DbdzVQ+khP+I/mq3XI=,US,IOS,498,426
330,LZfdKIm7/g1wylHdXy+vaMcIPk4Iah/BHzt6w5VKNqo=,IL,IOS,1,0
331,LZfdKIm7/g1wylHdXy+vaMcIPk4Iah/BHzt6w5VKNqo=,US,IOS,324,277
332,NcFcqVab7nKNl8KaJAfM+0q53qUNT6w5+MPd3zSnt38=,CH,ANDROID,1,0
333,NcFcqVab7nKNl8KaJAfM+0q53qUNT6w5+MPd3zSnt38=,ES,ANDROID,1,0
334,NcFcqVab7nKNl8KaJAfM+0q53qUNT6w5+MPd3zSnt38=,GR,ANDROID,1,0
335,NcFcqVab7nKNl8KaJAfM+0q53qUNT6w5+MPd3zSnt38=,IT,ANDROID,100,5
336,NcFcqVab7nKNl8KaJAfM+0q53qUNT6w5+MPd3zSnt38=,IT,IOS,1,0
337,NddxMDYko3Wzt8NDAwpu8WhTavE9yCUqU4ymxhHJQw4=,AE,ANDROID,1,0
338,NddxMDYko3Wzt8NDAwpu8WhTavE9yCUqU4ymxhHJQw4=,AL,ANDROID,1,0
339,NddxMDYko3Wzt8NDAwpu8WhTavE9yCUqU4ymxhHJQw4=,AR,ANDROID,30,0
340,NddxMDYko3Wzt8NDAwpu8WhTavE9yCUqU4ymxhHJQw4=,AR,IOS,7,0
341,NddxMDYko3Wzt8NDAwpu8WhTavE9yCUqU4ymxhHJQw4=,AT,ANDROID,37,15
342,NddxMDYko3Wzt8NDAwpu8WhTavE9yCUqU4ymxhHJQw4=,AT,IOS,25,1
343,NddxMDYko3Wzt8NDAwpu8WhTavE9yCUqU4ymxhHJQw4=,AU,ANDROID,41,35
344,NddxMDYko3Wzt8NDAwpu8WhTavE9yCUqU4ymxhHJQw4=,AU,IOS,57,31
345,NddxMDYko3Wzt8NDAwpu8WhTavE9yCUqU4ymxhHJQw4=,BA,ANDROID,1,0
346,NddxMDYko3Wzt8NDAwpu8WhTavE9yCUqU4ymxhHJQw4=,BD,ANDROID,2,0
347,NddxMDYko3Wzt8NDAwpu8WhTavE9yCUqU4ymxhHJQw4=,BE,ANDROID,39,1
348,NddxMDYko3Wzt8NDAwpu8WhTavE9yCUqU4ymxhHJQw4=,BE,IOS,24,7
349,NddxMDYko3Wzt8NDAwpu8WhTavE9yCUqU4ymxhHJQw4=,BG,ANDROID,13,0
350,NddxMDYko3Wzt8NDAwpu8WhTavE9yCUqU4ymxhHJQw4=,BG,IOS,3,0
351,NddxMDYko3Wzt8NDAwpu8WhTavE9yCUqU4ymxhHJQw4=,BO,ANDROID,7,0
352,NddxMDYko3Wzt8NDAwpu8WhTavE9yCUqU4ymxhHJQw4=,BO,IOS,1,0
353,NddxMDYko3Wzt8NDAwpu8WhTavE9yCUqU4ymxhHJQw4=,BR,ANDROID,78,4
354,NddxMDYko3Wzt8NDAwpu8WhTavE9yCUqU4ymxhHJQw4=,BR,IOS,40,0
355,NddxMDYko3Wzt8NDAwpu8WhTavE9yCUqU4ymxhHJQw4=,BY,ANDROID,1,0
356,NddxMDYko3Wzt8NDAwpu8WhTavE9yCUqU4ymxhHJQw4=,CA,ANDROID,48,2
357,NddxMDYko3Wzt8NDAwpu8WhTavE9yCUqU4ymxhHJQw4=,CA,IOS,55,9
358,NddxMDYko3Wzt8NDAwpu8WhTavE9yCUqU4ymxhHJQw4=,CH,ANDROID,20,7
359,NddxMDYko3Wzt8NDAwpu8WhTavE9yCUqU4ymxhHJQw4=,CH,IOS,25,56
360,NddxMDYko3Wzt8NDAwpu8WhTavE9yCUqU4ymxhHJQw4=,CL,ANDROID,15,2
361,NddxMDYko3Wzt8NDAwpu8WhTavE9yCUqU4ymxhHJQw4=,CL,IOS,16,0
362,NddxMDYko3Wzt8NDAwpu8WhTavE9yCUqU4ymxhHJQw4=,CO,ANDROID,16,0
363,NddxMDYko3Wzt8NDAwpu8WhTavE9yCUqU4ymxhHJQw4=,CO,IOS,7,0
364,NddxMDYko3Wzt8NDAwpu8WhTavE9yCUqU4ymxhHJQw4=,CR,ANDROID,5,0
365,NddxMDYko3Wzt8NDAwpu8WhTavE9yCUqU4ymxhHJQw4=,CR,FIREOS,1,0
366,NddxMDYko3Wzt8NDAwpu8WhTavE9yCUqU4ymxhHJQw4=,CR,IOS,2,0
367,NddxMDYko3Wzt8NDAwpu8WhTavE9yCUqU4ymxhHJQw4=,CY,ANDROID,1,0
368,NddxMDYko3Wzt8NDAwpu8WhTavE9yCUqU4ymxhHJQw4=,CZ,ANDROID,23,6
369,NddxMDYko3Wzt8NDAwpu8WhTavE9yCUqU4ymxhHJQw4=,CZ,IOS,7,0
370,NddxMDYko3Wzt8NDAwpu8WhTavE9yCUqU4ymxhHJQw4=,DE,ANDROID,411,119
371,NddxMDYko3Wzt8NDAwpu8WhTavE9yCUqU4ymxhHJQw4=,DE,FIREOS,2,0
372,NddxMDYko3Wzt8NDAwpu8WhTavE9yCUqU4ymxhHJQw4=,DE,IOS,168,73
373,NddxMDYko3Wzt8NDAwpu8WhTavE9yCUqU4ymxhHJQw4=,DK,ANDROID,11,0
374,NddxMDYko3Wzt8NDAwpu8WhTavE9yCUqU4ymxhHJQw4=,DK,IOS,21,2
375,NddxMDYko3Wzt8NDAwpu8WhTavE9yCUqU4ymxhHJQw4=,DO,ANDROID,1,0
376,NddxMDYko3Wzt8NDAwpu8WhTavE9yCUqU4ymxhHJQw4=,DZ,ANDROID,1,0
377,NddxMDYko3Wzt8NDAwpu8WhTavE9yCUqU4ymxhHJQw4=,EC,ANDROID,2,0
378,NddxMDYko3Wzt8NDAwpu8WhTavE9yCUqU4ymxhHJQw4=,EC,IOS,3,0
379,NddxMDYko3Wzt8NDAwpu8WhTavE9yCUqU4ymxhHJQw4=,EE,ANDROID,1,0
380,NddxMDYko3Wzt8NDAwpu8WhTavE9yCUqU4ymxhHJQw4=,EE,IOS,1,0
381,NddxMDYko3Wzt8NDAwpu8WhTavE9yCUqU4ymxhHJQw4=,EG,ANDROID,3,0
382,NddxMDYko3Wzt8NDAwpu8WhTavE9yCUqU4ymxhHJQw4=,EG,IOS,1,0
383,NddxMDYko3Wzt8NDAwpu8WhTavE9yCUqU4ymxhHJQw4=,ES,ANDROID,41,0
384,NddxMDYko3Wzt8NDAwpu8WhTavE9yCUqU4ymxhHJQw4=,ES,IOS,17,0
385,NddxMDYko3Wzt8NDAwpu8WhTavE9yCUqU4ymxhHJQw4=,FI,ANDROID,28,0
386,NddxMDYko3Wzt8NDAwpu8WhTavE9yCUqU4ymxhHJQw4=,FI,IOS,13,3
387,NddxMDYko3Wzt8NDAwpu8WhTavE9yCUqU4ymxhHJQw4=,FR,ANDROID,89,9
388,NddxMDYko3Wzt8NDAwpu8WhTavE9yCUqU4ymxhHJQw4=,FR,IOS,62,23
389,NddxMDYko3Wzt8NDAwpu8WhTavE9yCUqU4ymxhHJQw4=,GB,ANDROID,231,69
390,NddxMDYko3Wzt8NDAwpu8WhTavE9yCUqU4ymxhHJQw4=,GB,FIREOS,7,4
391,NddxMDYko3Wzt8NDAwpu8WhTavE9yCUqU4ymxhHJQw4=,GB,IOS,213,163
392,NddxMDYko3Wzt8NDAwpu8WhTavE9yCUqU4ymxhHJQw4=,GE,IOS,2,0
393,NddxMDYko3Wzt8NDAwpu8WhTavE9yCUqU4ymxhHJQw4=,GP,ANDROID,1,0
394,NddxMDYko3Wzt8NDAwpu8WhTavE9yCUqU4ymxhHJQw4=,GR,ANDROID,19,0
395,NddxMDYko3Wzt8NDAwpu8WhTavE9yCUqU4ymxhHJQw4=,GR,IOS,4,0
396,NddxMDYko3Wzt8NDAwpu8WhTavE9yCUqU4ymxhHJQw4=,GT,ANDROID,2,0
397,NddxMDYko3Wzt8NDAwpu8WhTavE9yCUqU4ymxhHJQw4=,GT,IOS,2,0
398,NddxMDYko3Wzt8NDAwpu8WhTavE9yCUqU4ymxhHJQw4=,HK,ANDROID,6,0
399,NddxMDYko3Wzt8NDAwpu8WhTavE9yCUqU4ymxhHJQw4=,HK,IOS,15,0
400,NddxMDYko3Wzt8NDAwpu8WhTavE9yCUqU4ymxhHJQw4=,HN,ANDROID,1,0
401,NddxMDYko3Wzt8NDAwpu8WhTavE9yCUqU4ymxhHJQw4=,HR,ANDROID,4,0
402,NddxMDYko3Wzt8NDAwpu8WhTavE9yCUqU4ymxhHJQw4=,HR,IOS,2,0
403,NddxMDYko3Wzt8NDAwpu8WhTavE9yCUqU4ymxhHJQw4=,HU,ANDROID,36,4
404,NddxMDYko3Wzt8NDAwpu8WhTavE9yCUqU4ymxhHJQw4=,HU,IOS,13,0
405,NddxMDYko3Wzt8NDAwpu8WhTavE9yCUqU4ymxhHJQw4=,ID,ANDROID,1,0
406,NddxMDYko3Wzt8NDAwpu8WhTavE9yCUqU4ymxhHJQw4=,ID,IOS,2,0
407,NddxMDYko3Wzt8NDAwpu8WhTavE9yCUqU4ymxhHJQw4=,IE,ANDROID,7,0
408,NddxMDYko3Wzt8NDAwpu8WhTavE9yCUqU4ymxhHJQw4=,IE,IOS,3,1
409,NddxMDYko3Wzt8NDAwpu8WhTavE9yCUqU4ymxhHJQw4=,IL,ANDROID,13,0
410,NddxMDYko3Wzt8NDAwpu8WhTavE9yCUqU4ymxhHJQw4=,IL,IOS,3,0
411,NddxMDYko3Wzt8NDAwpu8WhTavE9yCUqU4ymxhHJQw4=,IM,ANDROID,1,0
412,NddxMDYko3Wzt8NDAwpu8WhTavE9yCUqU4ymxhHJQw4=,IN,ANDROID,12,0
413,NddxMDYko3Wzt8NDAwpu8WhTavE9yCUqU4ymxhHJQw4=,IN,IOS,2,0
414,NddxMDYko3Wzt8NDAwpu8WhTavE9yCUqU4ymxhHJQw4=,IQ,ANDROID,1,0
415,NddxMDYko3Wzt8NDAwpu8WhTavE9yCUqU4ymxhHJQw4=,IS,IOS,1,0
416,NddxMDYko3Wzt8NDAwpu8WhTavE9yCUqU4ymxhHJQw4=,IT,ANDROID,87,2
417,NddxMDYko3Wzt8NDAwpu8WhTavE9yCUqU4ymxhHJQw4=,IT,IOS,51,14
418,NddxMDYko3Wzt8NDAwpu8WhTavE9yCUqU4ymxhHJQw4=,JO,ANDROID,2,0
419,NddxMDYko3Wzt8NDAwpu8WhTavE9yCUqU4ymxhHJQw4=,JP,ANDROID,2,8
420,NddxMDYko3Wzt8NDAwpu8WhTavE9yCUqU4ymxhHJQw4=,JP,IOS,4,0
421,NddxMDYko3Wzt8NDAwpu8WhTavE9yCUqU4ymxhHJQw4=,KR,ANDROID,7,5
422,NddxMDYko3Wzt8NDAwpu8WhTavE9yCUqU4ymxhHJQw4=,KR,IOS,1,0
423,NddxMDYko3Wzt8NDAwpu8WhTavE9yCUqU4ymxhHJQw4=,LT,ANDROID,7,0
424,NddxMDYko3Wzt8NDAwpu8WhTavE9yCUqU4ymxhHJQw4=,LT,IOS,1,0
425,NddxMDYko3Wzt8NDAwpu8WhTavE9yCUqU4ymxhHJQw4=,LU,ANDROID,3,3
426,NddxMDYko3Wzt8NDAwpu8WhTavE9yCUqU4ymxhHJQw4=,LU,IOS,11,0
427,NddxMDYko3Wzt8NDAwpu8WhTavE9yCUqU4ymxhHJQw4=,LV,ANDROID,2,0
428,NddxMDYko3Wzt8NDAwpu8WhTavE9yCUqU4ymxhHJQw4=,LV,IOS,2,0
429,NddxMDYko3Wzt8NDAwpu8WhTavE9yCUqU4ymxhHJQw4=,MA,ANDROID,2,0
430,NddxMDYko3Wzt8NDAwpu8WhTavE9yCUqU4ymxhHJQw4=,MM,ANDROID,2,0
431,NddxMDYko3Wzt8NDAwpu8WhTavE9yCUqU4ymxhHJQw4=,MT,ANDROID,2,0
432,NddxMDYko3Wzt8NDAwpu8WhTavE9yCUqU4ymxhHJQw4=,MX,ANDROID,66,1
433,NddxMDYko3Wzt8NDAwpu8WhTavE9yCUqU4ymxhHJQw4=,MX,IOS,27,2
434,NddxMDYko3Wzt8NDAwpu8WhTavE9yCUqU4ymxhHJQw4=,MY,ANDROID,4,2
435,NddxMDYko3Wzt8NDAwpu8WhTavE9yCUqU4ymxhHJQw4=,MY,IOS,1,0
436,NddxMDYko3Wzt8NDAwpu8WhTavE9yCUqU4ymxhHJQw4=,NI,ANDROID,1,0
437,NddxMDYko3Wzt8NDAwpu8WhTavE9yCUqU4ymxhHJQw4=,NI,IOS,1,0
438,NddxMDYko3Wzt8NDAwpu8WhTavE9yCUqU4ymxhHJQw4=,NL,ANDROID,113,3
439,NddxMDYko3Wzt8NDAwpu8WhTavE9yCUqU4ymxhHJQw4=,NL,IOS,59,14
440,NddxMDYko3Wzt8NDAwpu8WhTavE9yCUqU4ymxhHJQw4=,NO,ANDROID,11,0
441,NddxMDYko3Wzt8NDAwpu8WhTavE9yCUqU4ymxhHJQw4=,NO,IOS,10,3
442,NddxMDYko3Wzt8NDAwpu8WhTavE9yCUqU4ymxhHJQw4=,NZ,ANDROID,16,18
443,NddxMDYko3Wzt8NDAwpu8WhTavE9yCUqU4ymxhHJQw4=,NZ,IOS,16,0
444,NddxMDYko3Wzt8NDAwpu8WhTavE9yCUqU4ymxhHJQw4=,OM,ANDROID,1,0
445,NddxMDYko3Wzt8NDAwpu8WhTavE9yCUqU4ymxhHJQw4=,PA,ANDROID,1,0
446,NddxMDYko3Wzt8NDAwpu8WhTavE9yCUqU4ymxhHJQw4=,PA,IOS,1,0
447,NddxMDYko3Wzt8NDAwpu8WhTavE9yCUqU4ymxhHJQw4=,PE,ANDROID,11,0
448,NddxMDYko3Wzt8NDAwpu8WhTavE9yCUqU4ymxhHJQw4=,PE,IOS,5,0
449,NddxMDYko3Wzt8NDAwpu8WhTavE9yCUqU4ymxhHJQw4=,PH,ANDROID,6,0
450,NddxMDYko3Wzt8NDAwpu8WhTavE9yCUqU4ymxhHJQw4=,PH,IOS,1,0
451,NddxMDYko3Wzt8NDAwpu8WhTavE9yCUqU4ymxhHJQw4=,PL,ANDROID,51,3
452,NddxMDYko3Wzt8NDAwpu8WhTavE9yCUqU4ymxhHJQw4=,PL,IOS,13,2
453,NddxMDYko3Wzt8NDAwpu8WhTavE9yCUqU4ymxhHJQw4=,PR,ANDROID,2,0
454,NddxMDYko3Wzt8NDAwpu8WhTavE9yCUqU4ymxhHJQw4=,PR,IOS,2,0
455,NddxMDYko3Wzt8NDAwpu8WhTavE9yCUqU4ymxhHJQw4=,PT,ANDROID,20,2
456,NddxMDYko3Wzt8NDAwpu8WhTavE9yCUqU4ymxhHJQw4=,PT,IOS,10,0
457,NddxMDYko3Wzt8NDAwpu8WhTavE9yCUqU4ymxhHJQw4=,PY,ANDROID,1,0
458,NddxMDYko3Wzt8NDAwpu8WhTavE9yCUqU4ymxhHJQw4=,PY,IOS,2,0
459,NddxMDYko3Wzt8NDAwpu8WhTavE9yCUqU4ymxhHJQw4=,RE,ANDROID,1,0
460,NddxMDYko3Wzt8NDAwpu8WhTavE9yCUqU4ymxhHJQw4=,RO,ANDROID,31,0
461,NddxMDYko3Wzt8NDAwpu8WhTavE9yCUqU4ymxhHJQw4=,RO,IOS,7,0
462,NddxMDYko3Wzt8NDAwpu8WhTavE9yCUqU4ymxhHJQw4=,RS,ANDROID,7,0
463,NddxMDYko3Wzt8NDAwpu8WhTavE9yCUqU4ymxhHJQw4=,RS,IOS,1,0
464,NddxMDYko3Wzt8NDAwpu8WhTavE9yCUqU4ymxhHJQw4=,RU,ANDROID,8,2
465,NddxMDYko3Wzt8NDAwpu8WhTavE9yCUqU4ymxhHJQw4=,RU,IOS,1,0
466,NddxMDYko3Wzt8NDAwpu8WhTavE9yCUqU4ymxhHJQw4=,SE,ANDROID,21,35
467,NddxMDYko3Wzt8NDAwpu8WhTavE9yCUqU4ymxhHJQw4=,SE,IOS,14,12
468,NddxMDYko3Wzt8NDAwpu8WhTavE9yCUqU4ymxhHJQw4=,SG,ANDROID,2,0
469,NddxMDYko3Wzt8NDAwpu8WhTavE9yCUqU4ymxhHJQw4=,SG,IOS,3,0
470,NddxMDYko3Wzt8NDAwpu8WhTavE9yCUqU4ymxhHJQw4=,SI,ANDROID,8,0
471,NddxMDYko3Wzt8NDAwpu8WhTavE9yCUqU4ymxhHJQw4=,SI,IOS,2,0
472,NddxMDYko3Wzt8NDAwpu8WhTavE9yCUqU4ymxhHJQw4=,SK,ANDROID,5,0
473,NddxMDYko3Wzt8NDAwpu8WhTavE9yCUqU4ymxhHJQw4=,SK,IOS,2,0
474,NddxMDYko3Wzt8NDAwpu8WhTavE9yCUqU4ymxhHJQw4=,SV,ANDROID,5,0
475,NddxMDYko3Wzt8NDAwpu8WhTavE9yCUqU4ymxhHJQw4=,SV,IOS,1,0
476,NddxMDYko3Wzt8NDAwpu8WhTavE9yCUqU4ymxhHJQw4=,TH,ANDROID,15,0
477,NddxMDYko3Wzt8NDAwpu8WhTavE9yCUqU4ymxhHJQw4=,TH,IOS,7,0
478,NddxMDYko3Wzt8NDAwpu8WhTavE9yCUqU4ymxhHJQw4=,TN,IOS,1,0
479,NddxMDYko3Wzt8NDAwpu8WhTavE9yCUqU4ymxhHJQw4=,TR,ANDROID,4,0
480,NddxMDYko3Wzt8NDAwpu8WhTavE9yCUqU4ymxhHJQw4=,TR,IOS,4,0
481,NddxMDYko3Wzt8NDAwpu8WhTavE9yCUqU4ymxhHJQw4=,TW,ANDROID,19,0
482,NddxMDYko3Wzt8NDAwpu8WhTavE9yCUqU4ymxhHJQw4=,TW,IOS,27,0
483,NddxMDYko3Wzt8NDAwpu8WhTavE9yCUqU4ymxhHJQw4=,UA,ANDROID,4,0
484,NddxMDYko3Wzt8NDAwpu8WhTavE9yCUqU4ymxhHJQw4=,UA,IOS,1,0
485,NddxMDYko3Wzt8NDAwpu8WhTavE9yCUqU4ymxhHJQw4=,US,ANDROID,496,209
486,NddxMDYko3Wzt8NDAwpu8WhTavE9yCUqU4ymxhHJQw4=,US,FIREOS,7,0
487,NddxMDYko3Wzt8NDAwpu8WhTavE9yCUqU4ymxhHJQw4=,US,IOS,510,270
488,NddxMDYko3Wzt8NDAwpu8WhTavE9yCUqU4ymxhHJQw4=,UY,ANDROID,1,0
489,NddxMDYko3Wzt8NDAwpu8WhTavE9yCUqU4ymxhHJQw4=,UY,IOS,2,0
490,NddxMDYko3Wzt8NDAwpu8WhTavE9yCUqU4ymxhHJQw4=,VN,ANDROID,10,0
491,NddxMDYko3Wzt8NDAwpu8WhTavE9yCUqU4ymxhHJQw4=,VN,IOS,9,0
492,NddxMDYko3Wzt8NDAwpu8WhTavE9yCUqU4ymxhHJQw4=,YE,ANDROID,1,0
493,NddxMDYko3Wzt8NDAwpu8WhTavE9yCUqU4ymxhHJQw4=,ZA,ANDROID,16,1
494,NddxMDYko3Wzt8NDAwpu8WhTavE9yCUqU4ymxhHJQw4=,ZA,IOS,1,0
495,PF8/ejOTrFwKjG6lQNOaIkN4tr4LsSRigVtKQc7mJ5g=,US,FIREOS,1,0
496,Sd1VERhXEKJXEM+dQ921N7ZMft3Q4A5a0+VeQE7zQgY=,AE,ANDROID,3,0
497,Sd1VERhXEKJXEM+dQ921N7ZMft3Q4A5a0+VeQE7zQgY=,AL,ANDROID,1,0
498,Sd1VERhXEKJXEM+dQ921N7ZMft3Q4A5a0+VeQE7zQgY=,AR,ANDROID,91,1
499,Sd1VERhXEKJXEM+dQ921N7ZMft3Q4A5a0+VeQE7zQgY=,AT,ANDROID,36,1
500,Sd1VERhXEKJXEM+dQ921N7ZMft3Q4A5a0+VeQE7zQgY=,AU,ANDROID,27,5
501,Sd1VERhXEKJXEM+dQ921N7ZMft3Q4A5a0+VeQE7zQgY=,BA,ANDROID,1,0
502,Sd1VERhXEKJXEM+dQ921N7ZMft3Q4A5a0+VeQE7zQgY=,BE,ANDROID,37,0
503,Sd1VERhXEKJXEM+dQ921N7ZMft3Q4A5a0+VeQE7zQgY=,BG,ANDROID,8,0
504,Sd1VERhXEKJXEM+dQ921N7ZMft3Q4A5a0+VeQE7zQgY=,BN,ANDROID,1,0
505,Sd1VERhXEKJXEM+dQ921N7ZMft3Q4A5a0+VeQE7zQgY=,BO,ANDROID,13,2
506,Sd1VERhXEKJXEM+dQ921N7ZMft3Q4A5a0+VeQE7zQgY=,BR,ANDROID,1,0
507,Sd1VERhXEKJXEM+dQ921N7ZMft3Q4A5a0+VeQE7zQgY=,CA,ANDROID,50,38
508,Sd1VERhXEKJXEM+dQ921N7ZMft3Q4A5a0+VeQE7zQgY=,CH,ANDROID,9,12
509,Sd1VERhXEKJXEM+dQ921N7ZMft3Q4A5a0+VeQE7zQgY=,CL,ANDROID,1,0
510,Sd1VERhXEKJXEM+dQ921N7ZMft3Q4A5a0+VeQE7zQgY=,CO,ANDROID,1,0
511,Sd1VERhXEKJXEM+dQ921N7ZMft3Q4A5a0+VeQE7zQgY=,CR,ANDROID,26,0
512,Sd1VERhXEKJXEM+dQ921N7ZMft3Q4A5a0+VeQE7zQgY=,CY,ANDROID,2,0
513,Sd1VERhXEKJXEM+dQ921N7ZMft3Q4A5a0+VeQE7zQgY=,CZ,ANDROID,11,4
514,Sd1VERhXEKJXEM+dQ921N7ZMft3Q4A5a0+VeQE7zQgY=,DE,ANDROID,156,57
515,Sd1VERhXEKJXEM+dQ921N7ZMft3Q4A5a0+VeQE7zQgY=,DK,ANDROID,8,2
516,Sd1VERhXEKJXEM+dQ921N7ZMft3Q4A5a0+VeQE7zQgY=,DZ,ANDROID,1,0
517,Sd1VERhXEKJXEM+dQ921N7ZMft3Q4A5a0+VeQE7zQgY=,EC,ANDROID,14,0
518,Sd1VERhXEKJXEM+dQ921N7ZMft3Q4A5a0+VeQE7zQgY=,EE,ANDROID,2,0
519,Sd1VERhXEKJXEM+dQ921N7ZMft3Q4A5a0+VeQE7zQgY=,ES,ANDROID,92,11
520,Sd1VERhXEKJXEM+dQ921N7ZMft3Q4A5a0+VeQE7zQgY=,FI,ANDROID,11,7
521,Sd1VERhXEKJXEM+dQ921N7ZMft3Q4A5a0+VeQE7zQgY=,FR,ANDROID,28,4
522,Sd1VERhXEKJXEM+dQ921N7ZMft3Q4A5a0+VeQE7zQgY=,GB,ANDROID,105,70
523,Sd1VERhXEKJXEM+dQ921N7ZMft3Q4A5a0+VeQE7zQgY=,GB,FIREOS,1,0
524,Sd1VERhXEKJXEM+dQ921N7ZMft3Q4A5a0+VeQE7zQgY=,GF,ANDROID,1,0
525,Sd1VERhXEKJXEM+dQ921N7ZMft3Q4A5a0+VeQE7zQgY=,GR,ANDROID,14,0
526,Sd1VERhXEKJXEM+dQ921N7ZMft3Q4A5a0+VeQE7zQgY=,GT,ANDROID,12,0
527,Sd1VERhXEKJXEM+dQ921N7ZMft3Q4A5a0+VeQE7zQgY=,GU,ANDROID,1,0
528,Sd1VERhXEKJXEM+dQ921N7ZMft3Q4A5a0+VeQE7zQgY=,HK,ANDROID,8,0
529,Sd1VERhXEKJXEM+dQ921N7ZMft3Q4A5a0+VeQE7zQgY=,HN,ANDROID,2,0
530,Sd1VERhXEKJXEM+dQ921N7ZMft3Q4A5a0+VeQE7zQgY=,HR,ANDROID,3,0
531,Sd1VERhXEKJXEM+dQ921N7ZMft3Q4A5a0+VeQE7zQgY=,HU,ANDROID,34,2
532,Sd1VERhXEKJXEM+dQ921N7ZMft3Q4A5a0+VeQE7zQgY=,ID,ANDROID,10,0
533,Sd1VERhXEKJXEM+dQ921N7ZMft3Q4A5a0+VeQE7zQgY=,IE,ANDROID,5,2
534,Sd1VERhXEKJXEM+dQ921N7ZMft3Q4A5a0+VeQE7zQgY=,IL,ANDROID,16,1
535,Sd1VERhXEKJXEM+dQ921N7ZMft3Q4A5a0+VeQE7zQgY=,IT,ANDROID,2,0
536,Sd1VERhXEKJXEM+dQ921N7ZMft3Q4A5a0+VeQE7zQgY=,JE,ANDROID,1,0
537,Sd1VERhXEKJXEM+dQ921N7ZMft3Q4A5a0+VeQE7zQgY=,JO,ANDROID,1,0
538,Sd1VERhXEKJXEM+dQ921N7ZMft3Q4A5a0+VeQE7zQgY=,JP,ANDROID,2,0
539,Sd1VERhXEKJXEM+dQ921N7ZMft3Q4A5a0+VeQE7zQgY=,LT,ANDROID,2,0
540,Sd1VERhXEKJXEM+dQ921N7ZMft3Q4A5a0+VeQE7zQgY=,LU,ANDROID,5,0
541,Sd1VERhXEKJXEM+dQ921N7ZMft3Q4A5a0+VeQE7zQgY=,LV,ANDROID,1,0
542,Sd1VERhXEKJXEM+dQ921N7ZMft3Q4A5a0+VeQE7zQgY=,LY,ANDROID,1,0
543,Sd1VERhXEKJXEM+dQ921N7ZMft3Q4A5a0+VeQE7zQgY=,MA,ANDROID,1,0
544,Sd1VERhXEKJXEM+dQ921N7ZMft3Q4A5a0+VeQE7zQgY=,ME,ANDROID,1,0
545,Sd1VERhXEKJXEM+dQ921N7ZMft3Q4A5a0+VeQE7zQgY=,MO,ANDROID,1,1
546,Sd1VERhXEKJXEM+dQ921N7ZMft3Q4A5a0+VeQE7zQgY=,MT,ANDROID,3,0
547,Sd1VERhXEKJXEM+dQ921N7ZMft3Q4A5a0+VeQE7zQgY=,MU,ANDROID,1,0
548,Sd1VERhXEKJXEM+dQ921N7ZMft3Q4A5a0+VeQE7zQgY=,MX,ANDROID,230,9
549,Sd1VERhXEKJXEM+dQ921N7ZMft3Q4A5a0+VeQE7zQgY=,MX,IOS,1,0
550,Sd1VERhXEKJXEM+dQ921N7ZMft3Q4A5a0+VeQE7zQgY=,MY,ANDROID,21,5
551,Sd1VERhXEKJXEM+dQ921N7ZMft3Q4A5a0+VeQE7zQgY=,NI,ANDROID,2,0
552,Sd1VERhXEKJXEM+dQ921N7ZMft3Q4A5a0+VeQE7zQgY=,NO,ANDROID,5,54
553,Sd1VERhXEKJXEM+dQ921N7ZMft3Q4A5a0+VeQE7zQgY=,NZ,ANDROID,3,0
554,Sd1VERhXEKJXEM+dQ921N7ZMft3Q4A5a0+VeQE7zQgY=,PA,ANDROID,2,0
555,Sd1VERhXEKJXEM+dQ921N7ZMft3Q4A5a0+VeQE7zQgY=,PE,ANDROID,18,0
556,Sd1VERhXEKJXEM+dQ921N7ZMft3Q4A5a0+VeQE7zQgY=,PL,ANDROID,27,11
557,Sd1VERhXEKJXEM+dQ921N7ZMft3Q4A5a0+VeQE7zQgY=,PR,ANDROID,4,0
558,Sd1VERhXEKJXEM+dQ921N7ZMft3Q4A5a0+VeQE7zQgY=,PR,IOS,1,0
559,Sd1VERhXEKJXEM+dQ921N7ZMft3Q4A5a0+VeQE7zQgY=,PT,ANDROID,48,1
560,Sd1VERhXEKJXEM+dQ921N7ZMft3Q4A5a0+VeQE7zQgY=,RO,ANDROID,13,0
561,Sd1VERhXEKJXEM+dQ921N7ZMft3Q4A5a0+VeQE7zQgY=,RS,ANDROID,1,0
562,Sd1VERhXEKJXEM+dQ921N7ZMft3Q4A5a0+VeQE7zQgY=,RU,ANDROID,6,3
563,Sd1VERhXEKJXEM+dQ921N7ZMft3Q4A5a0+VeQE7zQgY=,SA,ANDROID,1,0
564,Sd1VERhXEKJXEM+dQ921N7ZMft3Q4A5a0+VeQE7zQgY=,SE,ANDROID,13,0
565,Sd1VERhXEKJXEM+dQ921N7ZMft3Q4A5a0+VeQE7zQgY=,SE,IOS,1,0
566,Sd1VERhXEKJXEM+dQ921N7ZMft3Q4A5a0+VeQE7zQgY=,SG,ANDROID,2,0
567,Sd1VERhXEKJXEM+dQ921N7ZMft3Q4A5a0+VeQE7zQgY=,SI,ANDROID,4,0
568,Sd1VERhXEKJXEM+dQ921N7ZMft3Q4A5a0+VeQE7zQgY=,SK,ANDROID,1,0
569,Sd1VERhXEKJXEM+dQ921N7ZMft3Q4A5a0+VeQE7zQgY=,SV,ANDROID,14,0
570,Sd1VERhXEKJXEM+dQ921N7ZMft3Q4A5a0+VeQE7zQgY=,TN,ANDROID,1,0
571,Sd1VERhXEKJXEM+dQ921N7ZMft3Q4A5a0+VeQE7zQgY=,TR,ANDROID,10,0
572,Sd1VERhXEKJXEM+dQ921N7ZMft3Q4A5a0+VeQE7zQgY=,TT,IOS,1,0
573,Sd1VERhXEKJXEM+dQ921N7ZMft3Q4A5a0+VeQE7zQgY=,TW,ANDROID,13,15
574,Sd1VERhXEKJXEM+dQ921N7ZMft3Q4A5a0+VeQE7zQgY=,UA,ANDROID,10,0
575,Sd1VERhXEKJXEM+dQ921N7ZMft3Q4A5a0+VeQE7zQgY=,US,ANDROID,356,169
576,Sd1VERhXEKJXEM+dQ921N7ZMft3Q4A5a0+VeQE7zQgY=,UY,ANDROID,14,0
577,Sd1VERhXEKJXEM+dQ921N7ZMft3Q4A5a0+VeQE7zQgY=,ZA,ANDROID,21,0
578,TOH7kWlggiryGcUuf+zWho40Qm/aFh9UcvClDLrRcqA=,AU,ANDROID,1,0
579,TOH7kWlggiryGcUuf+zWho40Qm/aFh9UcvClDLrRcqA=,AU,IOS,128,30
580,TOH7kWlggiryGcUuf+zWho40Qm/aFh9UcvClDLrRcqA=,CA,FIREOS,1,0
581,TOH7kWlggiryGcUuf+zWho40Qm/aFh9UcvClDLrRcqA=,CA,IOS,189,37
582,TOH7kWlggiryGcUuf+zWho40Qm/aFh9UcvClDLrRcqA=,CH,IOS,39,0
583,TOH7kWlggiryGcUuf+zWho40Qm/aFh9UcvClDLrRcqA=,DE,IOS,1,0
584,TOH7kWlggiryGcUuf+zWho40Qm/aFh9UcvClDLrRcqA=,DK,IOS,30,7
585,TOH7kWlggiryGcUuf+zWho40Qm/aFh9UcvClDLrRcqA=,FR,IOS,120,2
586,TOH7kWlggiryGcUuf+zWho40Qm/aFh9UcvClDLrRcqA=,GB,IOS,3,0
587,TOH7kWlggiryGcUuf+zWho40Qm/aFh9UcvClDLrRcqA=,IL,IOS,1,0
588,TOH7kWlggiryGcUuf+zWho40Qm/aFh9UcvClDLrRcqA=,JP,IOS,1,1
589,TOH7kWlggiryGcUuf+zWho40Qm/aFh9UcvClDLrRcqA=,NL,IOS,1,0
590,TOH7kWlggiryGcUuf+zWho40Qm/aFh9UcvClDLrRcqA=,NO,IOS,6,0
591,TOH7kWlggiryGcUuf+zWho40Qm/aFh9UcvClDLrRcqA=,NZ,IOS,28,32
592,TOH7kWlggiryGcUuf+zWho40Qm/aFh9UcvClDLrRcqA=,SE,ANDROID,1,0
593,TOH7kWlggiryGcUuf+zWho40Qm/aFh9UcvClDLrRcqA=,SE,IOS,42,5
594,TOH7kWlggiryGcUuf+zWho40Qm/aFh9UcvClDLrRcqA=,SG,IOS,14,9
595,TOH7kWlggiryGcUuf+zWho40Qm/aFh9UcvClDLrRcqA=,TR,IOS,2,0
596,TOH7kWlggiryGcUuf+zWho40Qm/aFh9UcvClDLrRcqA=,US,IOS,1,0
597,TSbM55gCoqJIdw2b8JB4kEAa2D7hzPfGKCWHAor+yVU=,US,ANDROID,1,0
598,TSbM55gCoqJIdw2b8JB4kEAa2D7hzPfGKCWHAor+yVU=,US,FIREOS,56,6
599,VaKcsqkHcct5HjquoDwHxh4UpPJaqBu3qAdr4DbPVJw=,US,ANDROID,1,0
600,VaKcsqkHcct5HjquoDwHxh4UpPJaqBu3qAdr4DbPVJw=,US,FIREOS,134,4
601,VobwcxBTDUbuy5fNIDBwFjP7eYklrIkXZX8rE2d435U=,AU,IOS,2,0
602,VobwcxBTDUbuy5fNIDBwFjP7eYklrIkXZX8rE2d435U=,BO,ANDROID,1,0
603,VobwcxBTDUbuy5fNIDBwFjP7eYklrIkXZX8rE2d435U=,BR,ANDROID,1,0
604,VobwcxBTDUbuy5fNIDBwFjP7eYklrIkXZX8rE2d435U=,CA,ANDROID,4,0
605,VobwcxBTDUbuy5fNIDBwFjP7eYklrIkXZX8rE2d435U=,CA,IOS,1,0
606,VobwcxBTDUbuy5fNIDBwFjP7eYklrIkXZX8rE2d435U=,CH,IOS,1,1
607,VobwcxBTDUbuy5fNIDBwFjP7eYklrIkXZX8rE2d435U=,CL,IOS,1,0
608,VobwcxBTDUbuy5fNIDBwFjP7eYklrIkXZX8rE2d435U=,CZ,IOS,1,0
609,VobwcxBTDUbuy5fNIDBwFjP7eYklrIkXZX8rE2d435U=,DE,ANDROID,3,0
610,VobwcxBTDUbuy5fNIDBwFjP7eYklrIkXZX8rE2d435U=,DE,IOS,3,1
611,VobwcxBTDUbuy5fNIDBwFjP7eYklrIkXZX8rE2d435U=,DK,ANDROID,1,0
612,VobwcxBTDUbuy5fNIDBwFjP7eYklrIkXZX8rE2d435U=,EC,IOS,1,0
613,VobwcxBTDUbuy5fNIDBwFjP7eYklrIkXZX8rE2d435U=,ES,IOS,1,0
614,VobwcxBTDUbuy5fNIDBwFjP7eYklrIkXZX8rE2d435U=,FR,ANDROID,3,7
615,VobwcxBTDUbuy5fNIDBwFjP7eYklrIkXZX8rE2d435U=,FR,IOS,1,0
616,VobwcxBTDUbuy5fNIDBwFjP7eYklrIkXZX8rE2d435U=,GB,ANDROID,10,0
617,VobwcxBTDUbuy5fNIDBwFjP7eYklrIkXZX8rE2d435U=,GB,FIREOS,1,0
618,VobwcxBTDUbuy5fNIDBwFjP7eYklrIkXZX8rE2d435U=,GB,IOS,15,7
619,VobwcxBTDUbuy5fNIDBwFjP7eYklrIkXZX8rE2d435U=,HR,ANDROID,1,0
620,VobwcxBTDUbuy5fNIDBwFjP7eYklrIkXZX8rE2d435U=,IE,ANDROID,1,0
621,VobwcxBTDUbuy5fNIDBwFjP7eYklrIkXZX8rE2d435U=,IL,ANDROID,1,0
622,VobwcxBTDUbuy5fNIDBwFjP7eYklrIkXZX8rE2d435U=,IT,ANDROID,2,0
623,VobwcxBTDUbuy5fNIDBwFjP7eYklrIkXZX8rE2d435U=,IT,IOS,1,0
624,VobwcxBTDUbuy5fNIDBwFjP7eYklrIkXZX8rE2d435U=,JP,ANDROID,2,0
625,VobwcxBTDUbuy5fNIDBwFjP7eYklrIkXZX8rE2d435U=,MY,IOS,1,0
626,VobwcxBTDUbuy5fNIDBwFjP7eYklrIkXZX8rE2d435U=,NL,ANDROID,3,0
627,VobwcxBTDUbuy5fNIDBwFjP7eYklrIkXZX8rE2d435U=,NL,IOS,2,0
628,VobwcxBTDUbuy5fNIDBwFjP7eYklrIkXZX8rE2d435U=,PA,ANDROID,1,1
629,VobwcxBTDUbuy5fNIDBwFjP7eYklrIkXZX8rE2d435U=,PH,IOS,1,0
630,VobwcxBTDUbuy5fNIDBwFjP7eYklrIkXZX8rE2d435U=,RU,ANDROID,1,0
631,VobwcxBTDUbuy5fNIDBwFjP7eYklrIkXZX8rE2d435U=,RU,IOS,2,0
632,VobwcxBTDUbuy5fNIDBwFjP7eYklrIkXZX8rE2d435U=,US,ANDROID,10,26
633,VobwcxBTDUbuy5fNIDBwFjP7eYklrIkXZX8rE2d435U=,US,IOS,21,4
634,VobwcxBTDUbuy5fNIDBwFjP7eYklrIkXZX8rE2d435U=,ZA,ANDROID,1,0
635,W8kA44jwZhi4sjsBKd+pDsoB6/29a9roRn0mnf51RWo=,BE,IOS,1,0
636,W8kA44jwZhi4sjsBKd+pDsoB6/29a9roRn0mnf51RWo=,DE,ANDROID,2,0
637,W8kA44jwZhi4sjsBKd+pDsoB6/29a9roRn0mnf51RWo=,DE,IOS,400,135
638,W8kA44jwZhi4sjsBKd+pDsoB6/29a9roRn0mnf51RWo=,EG,IOS,1,0
639,W8kA44jwZhi4sjsBKd+pDsoB6/29a9roRn0mnf51RWo=,ES,IOS,1,0
640,W8kA44jwZhi4sjsBKd+pDsoB6/29a9roRn0mnf51RWo=,FI,IOS,1,0
641,W8kA44jwZhi4sjsBKd+pDsoB6/29a9roRn0mnf51RWo=,FR,IOS,2,2
642,W8kA44jwZhi4sjsBKd+pDsoB6/29a9roRn0mnf51RWo=,GB,IOS,1,0
643,W8kA44jwZhi4sjsBKd+pDsoB6/29a9roRn0mnf51RWo=,IT,IOS,2,0
644,W8kA44jwZhi4sjsBKd+pDsoB6/29a9roRn0mnf51RWo=,RS,IOS,1,0
645,W8kA44jwZhi4sjsBKd+pDsoB6/29a9roRn0mnf51RWo=,US,IOS,1,0
646,W8kA44jwZhi4sjsBKd+pDsoB6/29a9roRn0mnf51RWo=,ZA,IOS,1,0
647,WOIeQXgbXj6TW1iBdXLBbh6Bh46YU6PP91Di9lCPkWg=,AT,ANDROID,1,0
648,WOIeQXgbXj6TW1iBdXLBbh6Bh46YU6PP91Di9lCPkWg=,BE,ANDROID,1,0
649,WOIeQXgbXj6TW1iBdXLBbh6Bh46YU6PP91Di9lCPkWg=,CH,ANDROID,1,0
650,WOIeQXgbXj6TW1iBdXLBbh6Bh46YU6PP91Di9lCPkWg=,CZ,ANDROID,1,0
651,WOIeQXgbXj6TW1iBdXLBbh6Bh46YU6PP91Di9lCPkWg=,DE,ANDROID,686,179
652,WOIeQXgbXj6TW1iBdXLBbh6Bh46YU6PP91Di9lCPkWg=,DE,FIREOS,1,1
653,WOIeQXgbXj6TW1iBdXLBbh6Bh46YU6PP91Di9lCPkWg=,DE,IOS,2,0
654,WOIeQXgbXj6TW1iBdXLBbh6Bh46YU6PP91Di9lCPkWg=,ES,ANDROID,1,0
655,WOIeQXgbXj6TW1iBdXLBbh6Bh46YU6PP91Di9lCPkWg=,IT,ANDROID,2,1
656,WOIeQXgbXj6TW1iBdXLBbh6Bh46YU6PP91Di9lCPkWg=,NL,ANDROID,2,0
657,WOIeQXgbXj6TW1iBdXLBbh6Bh46YU6PP91Di9lCPkWg=,RO,ANDROID,1,0
658,X5w3skxK9TAf+aZvgMYwkifR/NopWavLkyRU9v+7UAI=,AT,IOS,20,0
659,X5w3skxK9TAf+aZvgMYwkifR/NopWavLkyRU9v+7UAI=,AU,IOS,79,0
660,X5w3skxK9TAf+aZvgMYwkifR/NopWavLkyRU9v+7UAI=,BL,IOS,1,0
661,X5w3skxK9TAf+aZvgMYwkifR/NopWavLkyRU9v+7UAI=,CA,IOS,114,2
662,X5w3skxK9TAf+aZvgMYwkifR/NopWavLkyRU9v+7UAI=,CH,IOS,21,0
663,X5w3skxK9TAf+aZvgMYwkifR/NopWavLkyRU9v+7UAI=,DK,IOS,28,0
664,X5w3skxK9TAf+aZvgMYwkifR/NopWavLkyRU9v+7UAI=,FR,IOS,92,0
665,X5w3skxK9TAf+aZvgMYwkifR/NopWavLkyRU9v+7UAI=,IR,IOS,1,0
666,X5w3skxK9TAf+aZvgMYwkifR/NopWavLkyRU9v+7UAI=,NO,IOS,9,0
667,X5w3skxK9TAf+aZvgMYwkifR/NopWavLkyRU9v+7UAI=,NZ,IOS,43,0
668,X5w3skxK9TAf+aZvgMYwkifR/NopWavLkyRU9v+7UAI=,SA,IOS,1,0
669,X5w3skxK9TAf+aZvgMYwkifR/NopWavLkyRU9v+7UAI=,SE,IOS,56,0
670,X5w3skxK9TAf+aZvgMYwkifR/NopWavLkyRU9v+7UAI=,SG,IOS,47,5
671,Xe2bbSgzj/PVJ84Ac6b7q2/bUG4UvdHgm1HXRBrdd7s=,AE,IOS,1,0
672,Xe2bbSgzj/PVJ84Ac6b7q2/bUG4UvdHgm1HXRBrdd7s=,AR,ANDROID,11,0
673,Xe2bbSgzj/PVJ84Ac6b7q2/bUG4UvdHgm1HXRBrdd7s=,AR,IOS,1,0
674,Xe2bbSgzj/PVJ84Ac6b7q2/bUG4UvdHgm1HXRBrdd7s=,AT,ANDROID,7,4
675,Xe2bbSgzj/PVJ84Ac6b7q2/bUG4UvdHgm1HXRBrdd7s=,AT,IOS,2,0
676,Xe2bbSgzj/PVJ84Ac6b7q2/bUG4UvdHgm1HXRBrdd7s=,AU,IOS,6,5
677,Xe2bbSgzj/PVJ84Ac6b7q2/bUG4UvdHgm1HXRBrdd7s=,BE,ANDROID,1,0
678,Xe2bbSgzj/PVJ84Ac6b7q2/bUG4UvdHgm1HXRBrdd7s=,BE,IOS,3,0
679,Xe2bbSgzj/PVJ84Ac6b7q2/bUG4UvdHgm1HXRBrdd7s=,BG,ANDROID,1,0
680,Xe2bbSgzj/PVJ84Ac6b7q2/bUG4UvdHgm1HXRBrdd7s=,BG,IOS,1,0
681,Xe2bbSgzj/PVJ84Ac6b7q2/bUG4UvdHgm1HXRBrdd7s=,BR,ANDROID,15,22
682,Xe2bbSgzj/PVJ84Ac6b7q2/bUG4UvdHgm1HXRBrdd7s=,BR,IOS,8,0
683,Xe2bbSgzj/PVJ84Ac6b7q2/bUG4UvdHgm1HXRBrdd7s=,CA,ANDROID,4,0
684,Xe2bbSgzj/PVJ84Ac6b7q2/bUG4UvdHgm1HXRBrdd7s=,CA,IOS,9,3
685,Xe2bbSgzj/PVJ84Ac6b7q2/bUG4UvdHgm1HXRBrdd7s=,CH,ANDROID,5,0
686,Xe2bbSgzj/PVJ84Ac6b7q2/bUG4UvdHgm1HXRBrdd7s=,CH,IOS,2,0
687,Xe2bbSgzj/PVJ84Ac6b7q2/bUG4UvdHgm1HXRBrdd7s=,CL,ANDROID,4,0
688,Xe2bbSgzj/PVJ84Ac6b7q2/bUG4UvdHgm1HXRBrdd7s=,CL,IOS,2,0
689,Xe2bbSgzj/PVJ84Ac6b7q2/bUG4UvdHgm1HXRBrdd7s=,CO,ANDROID,5,0
690,Xe2bbSgzj/PVJ84Ac6b7q2/bUG4UvdHgm1HXRBrdd7s=,CO,IOS,1,0
691,Xe2bbSgzj/PVJ84Ac6b7q2/bUG4UvdHgm1HXRBrdd7s=,CR,ANDROID,1,0
692,Xe2bbSgzj/PVJ84Ac6b7q2/bUG4UvdHgm1HXRBrdd7s=,CR,IOS,1,0
693,Xe2bbSgzj/PVJ84Ac6b7q2/bUG4UvdHgm1HXRBrdd7s=,CY,ANDROID,1,0
694,Xe2bbSgzj/PVJ84Ac6b7q2/bUG4UvdHgm1HXRBrdd7s=,CZ,ANDROID,2,0
695,Xe2bbSgzj/PVJ84Ac6b7q2/bUG4UvdHgm1HXRBrdd7s=,CZ,IOS,1,0
696,Xe2bbSgzj/PVJ84Ac6b7q2/bUG4UvdHgm1HXRBrdd7s=,DE,ANDROID,31,19
697,Xe2bbSgzj/PVJ84Ac6b7q2/bUG4UvdHgm1HXRBrdd7s=,DE,IOS,25,10
698,Xe2bbSgzj/PVJ84Ac6b7q2/bUG4UvdHgm1HXRBrdd7s=,DK,ANDROID,1,0
699,Xe2bbSgzj/PVJ84Ac6b7q2/bUG4UvdHgm1HXRBrdd7s=,DK,IOS,1,0
700,Xe2bbSgzj/PVJ84Ac6b7q2/bUG4UvdHgm1HXRBrdd7s=,EC,IOS,1,0
701,Xe2bbSgzj/PVJ84Ac6b7q2/bUG4UvdHgm1HXRBrdd7s=,EE,ANDROID,1,0
702,Xe2bbSgzj/PVJ84Ac6b7q2/bUG4UvdHgm1HXRBrdd7s=,ES,ANDROID,12,0
703,Xe2bbSgzj/PVJ84Ac6b7q2/bUG4UvdHgm1HXRBrdd7s=,ES,IOS,5,0
704,Xe2bbSgzj/PVJ84Ac6b7q2/bUG4UvdHgm1HXRBrdd7s=,FI,ANDROID,3,0
705,Xe2bbSgzj/PVJ84Ac6b7q2/bUG4UvdHgm1HXRBrdd7s=,FR,ANDROID,5,0
706,Xe2bbSgzj/PVJ84Ac6b7q2/bUG4UvdHgm1HXRBrdd7s=,FR,IOS,5,0
707,Xe2bbSgzj/PVJ84Ac6b7q2/bUG4UvdHgm1HXRBrdd7s=,GB,ANDROID,21,1
708,Xe2bbSgzj/PVJ84Ac6b7q2/bUG4UvdHgm1HXRBrdd7s=,GB,IOS,19,4
709,Xe2bbSgzj/PVJ84Ac6b7q2/bUG4UvdHgm1HXRBrdd7s=,GR,ANDROID,1,0
710,Xe2bbSgzj/PVJ84Ac6b7q2/bUG4UvdHgm1HXRBrdd7s=,GR,IOS,1,0
711,Xe2bbSgzj/PVJ84Ac6b7q2/bUG4UvdHgm1HXRBrdd7s=,GT,ANDROID,1,0
712,Xe2bbSgzj/PVJ84Ac6b7q2/bUG4UvdHgm1HXRBrdd7s=,HK,IOS,1,0
713,Xe2bbSgzj/PVJ84Ac6b7q2/bUG4UvdHgm1HXRBrdd7s=,HR,IOS,1,0
714,Xe2bbSgzj/PVJ84Ac6b7q2/bUG4UvdHgm1HXRBrdd7s=,HU,ANDROID,2,0
715,Xe2bbSgzj/PVJ84Ac6b7q2/bUG4UvdHgm1HXRBrdd7s=,ID,ANDROID,5,0
716,Xe2bbSgzj/PVJ84Ac6b7q2/bUG4UvdHgm1HXRBrdd7s=,IE,ANDROID,1,0
717,Xe2bbSgzj/PVJ84Ac6b7q2/bUG4UvdHgm1HXRBrdd7s=,IE,IOS,1,0
718,Xe2bbSgzj/PVJ84Ac6b7q2/bUG4UvdHgm1HXRBrdd7s=,IL,ANDROID,1,0
719,Xe2bbSgzj/PVJ84Ac6b7q2/bUG4UvdHgm1HXRBrdd7s=,IN,ANDROID,2,0
720,Xe2bbSgzj/PVJ84Ac6b7q2/bUG4UvdHgm1HXRBrdd7s=,IN,IOS,1,0
721,Xe2bbSgzj/PVJ84Ac6b7q2/bUG4UvdHgm1HXRBrdd7s=,IQ,IOS,1,0
722,Xe2bbSgzj/PVJ84Ac6b7q2/bUG4UvdHgm1HXRBrdd7s=,IR,ANDROID,1,0
723,Xe2bbSgzj/PVJ84Ac6b7q2/bUG4UvdHgm1HXRBrdd7s=,IT,ANDROID,10,1
724,Xe2bbSgzj/PVJ84Ac6b7q2/bUG4UvdHgm1HXRBrdd7s=,IT,IOS,6,0
725,Xe2bbSgzj/PVJ84Ac6b7q2/bUG4UvdHgm1HXRBrdd7s=,JP,ANDROID,1,0
726,Xe2bbSgzj/PVJ84Ac6b7q2/bUG4UvdHgm1HXRBrdd7s=,JP,IOS,3,0
727,Xe2bbSgzj/PVJ84Ac6b7q2/bUG4UvdHgm1HXRBrdd7s=,KR,ANDROID,1,0
728,Xe2bbSgzj/PVJ84Ac6b7q2/bUG4UvdHgm1HXRBrdd7s=,KW,IOS,1,0
729,Xe2bbSgzj/PVJ84Ac6b7q2/bUG4UvdHgm1HXRBrdd7s=,KZ,IOS,1,0
730,Xe2bbSgzj/PVJ84Ac6b7q2/bUG4UvdHgm1HXRBrdd7s=,MK,ANDROID,1,0
731,Xe2bbSgzj/PVJ84Ac6b7q2/bUG4UvdHgm1HXRBrdd7s=,MX,ANDROID,9,0
732,Xe2bbSgzj/PVJ84Ac6b7q2/bUG4UvdHgm1HXRBrdd7s=,MX,IOS,3,0
733,Xe2bbSgzj/PVJ84Ac6b7q2/bUG4UvdHgm1HXRBrdd7s=,MY,ANDROID,1,0
734,Xe2bbSgzj/PVJ84Ac6b7q2/bUG4UvdHgm1HXRBrdd7s=,MY,IOS,5,0
735,Xe2bbSgzj/PVJ84Ac6b7q2/bUG4UvdHgm1HXRBrdd7s=,NC,IOS,1,0
736,Xe2bbSgzj/PVJ84Ac6b7q2/bUG4UvdHgm1HXRBrdd7s=,NL,ANDROID,9,0
737,Xe2bbSgzj/PVJ84Ac6b7q2/bUG4UvdHgm1HXRBrdd7s=,NL,IOS,8,0
738,Xe2bbSgzj/PVJ84Ac6b7q2/bUG4UvdHgm1HXRBrdd7s=,NZ,ANDROID,1,0
739,Xe2bbSgzj/PVJ84Ac6b7q2/bUG4UvdHgm1HXRBrdd7s=,NZ,IOS,1,0
740,Xe2bbSgzj/PVJ84Ac6b7q2/bUG4UvdHgm1HXRBrdd7s=,OM,IOS,1,0
741,Xe2bbSgzj/PVJ84Ac6b7q2/bUG4UvdHgm1HXRBrdd7s=,PE,IOS,2,0
742,Xe2bbSgzj/PVJ84Ac6b7q2/bUG4UvdHgm1HXRBrdd7s=,PL,ANDROID,4,0
743,Xe2bbSgzj/PVJ84Ac6b7q2/bUG4UvdHgm1HXRBrdd7s=,PL,IOS,1,0
744,Xe2bbSgzj/PVJ84Ac6b7q2/bUG4UvdHgm1HXRBrdd7s=,PT,ANDROID,6,0
745,Xe2bbSgzj/PVJ84Ac6b7q2/bUG4UvdHgm1HXRBrdd7s=,RO,ANDROID,2,0
746,Xe2bbSgzj/PVJ84Ac6b7q2/bUG4UvdHgm1HXRBrdd7s=,RU,ANDROID,4,0
747,Xe2bbSgzj/PVJ84Ac6b7q2/bUG4UvdHgm1HXRBrdd7s=,RU,IOS,1,0
748,Xe2bbSgzj/PVJ84Ac6b7q2/bUG4UvdHgm1HXRBrdd7s=,SE,ANDROID,4,2
749,Xe2bbSgzj/PVJ84Ac6b7q2/bUG4UvdHgm1HXRBrdd7s=,SE,IOS,1,2
750,Xe2bbSgzj/PVJ84Ac6b7q2/bUG4UvdHgm1HXRBrdd7s=,SG,ANDROID,1,0
751,Xe2bbSgzj/PVJ84Ac6b7q2/bUG4UvdHgm1HXRBrdd7s=,SG,IOS,1,0
752,Xe2bbSgzj/PVJ84Ac6b7q2/bUG4UvdHgm1HXRBrdd7s=,SI,ANDROID,1,0
753,Xe2bbSgzj/PVJ84Ac6b7q2/bUG4UvdHgm1HXRBrdd7s=,SK,ANDROID,1,0
754,Xe2bbSgzj/PVJ84Ac6b7q2/bUG4UvdHgm1HXRBrdd7s=,SV,ANDROID,1,0
755,Xe2bbSgzj/PVJ84Ac6b7q2/bUG4UvdHgm1HXRBrdd7s=,TR,ANDROID,5,0
756,Xe2bbSgzj/PVJ84Ac6b7q2/bUG4UvdHgm1HXRBrdd7s=,TR,IOS,3,0
757,Xe2bbSgzj/PVJ84Ac6b7q2/bUG4UvdHgm1HXRBrdd7s=,TW,ANDROID,4,0
758,Xe2bbSgzj/PVJ84Ac6b7q2/bUG4UvdHgm1HXRBrdd7s=,UA,ANDROID,1,0
759,Xe2bbSgzj/PVJ84Ac6b7q2/bUG4UvdHgm1HXRBrdd7s=,US,ANDROID,41,34
760,Xe2bbSgzj/PVJ84Ac6b7q2/bUG4UvdHgm1HXRBrdd7s=,US,IOS,62,42
761,bkoo6P7YkIBSK0T6PW2WbfqaP0oO1ZE+s/uXil0oXxk=,AU,ANDROID,1,0
762,bkoo6P7YkIBSK0T6PW2WbfqaP0oO1ZE+s/uXil0oXxk=,CA,ANDROID,2,0
763,bkoo6P7YkIBSK0T6PW2WbfqaP0oO1ZE+s/uXil0oXxk=,MX,ANDROID,4,0
764,bkoo6P7YkIBSK0T6PW2WbfqaP0oO1ZE+s/uXil0oXxk=,PL,ANDROID,1,0
765,bkoo6P7YkIBSK0T6PW2WbfqaP0oO1ZE+s/uXil0oXxk=,US,ANDROID,1259,346
766,bkoo6P7YkIBSK0T6PW2WbfqaP0oO1ZE+s/uXil0oXxk=,US,FIREOS,13,12
767,bkoo6P7YkIBSK0T6PW2WbfqaP0oO1ZE+s/uXil0oXxk=,US,IOS,14,2
768,eKuUrW0kEFM+3b3XhG2eZPCZew0NDQ+AAgSwlJAhl4Y=,AT,ANDROID,2,0
769,eKuUrW0kEFM+3b3XhG2eZPCZew0NDQ+AAgSwlJAhl4Y=,BE,ANDROID,1,0
770,eKuUrW0kEFM+3b3XhG2eZPCZew0NDQ+AAgSwlJAhl4Y=,BR,ANDROID,3,0
771,eKuUrW0kEFM+3b3XhG2eZPCZew0NDQ+AAgSwlJAhl4Y=,CA,ANDROID,4,0
772,eKuUrW0kEFM+3b3XhG2eZPCZew0NDQ+AAgSwlJAhl4Y=,CA,IOS,1,0
773,eKuUrW0kEFM+3b3XhG2eZPCZew0NDQ+AAgSwlJAhl4Y=,CH,ANDROID,2,0
774,eKuUrW0kEFM+3b3XhG2eZPCZew0NDQ+AAgSwlJAhl4Y=,CH,IOS,2,0
775,eKuUrW0kEFM+3b3XhG2eZPCZew0NDQ+AAgSwlJAhl4Y=,CL,ANDROID,1,0
776,eKuUrW0kEFM+3b3XhG2eZPCZew0NDQ+AAgSwlJAhl4Y=,CR,ANDROID,1,0
777,eKuUrW0kEFM+3b3XhG2eZPCZew0NDQ+AAgSwlJAhl4Y=,CZ,ANDROID,2,1
778,eKuUrW0kEFM+3b3XhG2eZPCZew0NDQ+AAgSwlJAhl4Y=,DE,ANDROID,22,1
779,eKuUrW0kEFM+3b3XhG2eZPCZew0NDQ+AAgSwlJAhl4Y=,DE,IOS,6,0
780,eKuUrW0kEFM+3b3XhG2eZPCZew0NDQ+AAgSwlJAhl4Y=,DK,ANDROID,1,0
781,eKuUrW0kEFM+3b3XhG2eZPCZew0NDQ+AAgSwlJAhl4Y=,DO,IOS,1,0
782,eKuUrW0kEFM+3b3XhG2eZPCZew0NDQ+AAgSwlJAhl4Y=,EC,ANDROID,1,0
783,eKuUrW0kEFM+3b3XhG2eZPCZew0NDQ+AAgSwlJAhl4Y=,ES,ANDROID,2,0
784,eKuUrW0kEFM+3b3XhG2eZPCZew0NDQ+AAgSwlJAhl4Y=,ES,IOS,1,0
785,eKuUrW0kEFM+3b3XhG2eZPCZew0NDQ+AAgSwlJAhl4Y=,FI,ANDROID,3,0
786,eKuUrW0kEFM+3b3XhG2eZPCZew0NDQ+AAgSwlJAhl4Y=,FR,ANDROID,6,1
787,eKuUrW0kEFM+3b3XhG2eZPCZew0NDQ+AAgSwlJAhl4Y=,FR,IOS,2,0
788,eKuUrW0kEFM+3b3XhG2eZPCZew0NDQ+AAgSwlJAhl4Y=,GB,ANDROID,14,0
789,eKuUrW0kEFM+3b3XhG2eZPCZew0NDQ+AAgSwlJAhl4Y=,GB,IOS,5,1
790,eKuUrW0kEFM+3b3XhG2eZPCZew0NDQ+AAgSwlJAhl4Y=,HU,IOS,1,0
791,eKuUrW0kEFM+3b3XhG2eZPCZew0NDQ+AAgSwlJAhl4Y=,IE,IOS,1,0
792,eKuUrW0kEFM+3b3XhG2eZPCZew0NDQ+AAgSwlJAhl4Y=,IL,ANDROID,3,0
793,eKuUrW0kEFM+3b3XhG2eZPCZew0NDQ+AAgSwlJAhl4Y=,IN,ANDROID,1,0
794,eKuUrW0kEFM+3b3XhG2eZPCZew0NDQ+AAgSwlJAhl4Y=,IT,ANDROID,7,0
795,eKuUrW0kEFM+3b3XhG2eZPCZew0NDQ+AAgSwlJAhl4Y=,IT,IOS,1,0
796,eKuUrW0kEFM+3b3XhG2eZPCZew0NDQ+AAgSwlJAhl4Y=,JP,ANDROID,2,0
797,eKuUrW0kEFM+3b3XhG2eZPCZew0NDQ+AAgSwlJAhl4Y=,JP,IOS,1,0
798,eKuUrW0kEFM+3b3XhG2eZPCZew0NDQ+AAgSwlJAhl4Y=,LT,ANDROID,1,0
799,eKuUrW0kEFM+3b3XhG2eZPCZew0NDQ+AAgSwlJAhl4Y=,MX,ANDROID,4,0
800,eKuUrW0kEFM+3b3XhG2eZPCZew0NDQ+AAgSwlJAhl4Y=,NO,ANDROID,1,0
801,eKuUrW0kEFM+3b3XhG2eZPCZew0NDQ+AAgSwlJAhl4Y=,PE,IOS,1,3
802,eKuUrW0kEFM+3b3XhG2eZPCZew0NDQ+AAgSwlJAhl4Y=,PH,ANDROID,2,0
803,eKuUrW0kEFM+3b3XhG2eZPCZew0NDQ+AAgSwlJAhl4Y=,PL,ANDROID,7,0
804,eKuUrW0kEFM+3b3XhG2eZPCZew0NDQ+AAgSwlJAhl4Y=,PL,IOS,1,0
805,eKuUrW0kEFM+3b3XhG2eZPCZew0NDQ+AAgSwlJAhl4Y=,PR,ANDROID,1,0
806,eKuUrW0kEFM+3b3XhG2eZPCZew0NDQ+AAgSwlJAhl4Y=,RO,ANDROID,2,0
807,eKuUrW0kEFM+3b3XhG2eZPCZew0NDQ+AAgSwlJAhl4Y=,RU,ANDROID,7,0
808,eKuUrW0kEFM+3b3XhG2eZPCZew0NDQ+AAgSwlJAhl4Y=,RU,IOS,2,0
809,eKuUrW0kEFM+3b3XhG2eZPCZew0NDQ+AAgSwlJAhl4Y=,SA,ANDROID,1,0
810,eKuUrW0kEFM+3b3XhG2eZPCZew0NDQ+AAgSwlJAhl4Y=,SE,ANDROID,2,0
811,eKuUrW0kEFM+3b3XhG2eZPCZew0NDQ+AAgSwlJAhl4Y=,SG,ANDROID,2,0
812,eKuUrW0kEFM+3b3XhG2eZPCZew0NDQ+AAgSwlJAhl4Y=,TH,ANDROID,1,0
813,eKuUrW0kEFM+3b3XhG2eZPCZew0NDQ+AAgSwlJAhl4Y=,TR,ANDROID,1,0
814,eKuUrW0kEFM+3b3XhG2eZPCZew0NDQ+AAgSwlJAhl4Y=,TW,ANDROID,1,0
815,eKuUrW0kEFM+3b3XhG2eZPCZew0NDQ+AAgSwlJAhl4Y=,TW,IOS,1,0
816,eKuUrW0kEFM+3b3XhG2eZPCZew0NDQ+AAgSwlJAhl4Y=,UA,ANDROID,3,0
817,eKuUrW0kEFM+3b3XhG2eZPCZew0NDQ+AAgSwlJAhl4Y=,US,ANDROID,49,31
818,eKuUrW0kEFM+3b3XhG2eZPCZew0NDQ+AAgSwlJAhl4Y=,US,FIREOS,1,0
819,eKuUrW0kEFM+3b3XhG2eZPCZew0NDQ+AAgSwlJAhl4Y=,US,IOS,36,12
820,eKuUrW0kEFM+3b3XhG2eZPCZew0NDQ+AAgSwlJAhl4Y=,ZA,ANDROID,1,0
821,enbGH5VJyuCjvZUCAT7Dwv6wMuRxLB6wDsFA6/jXFYo=,AR,ANDROID,10,0
822,enbGH5VJyuCjvZUCAT7Dwv6wMuRxLB6wDsFA6/jXFYo=,AT,ANDROID,3,0
823,enbGH5VJyuCjvZUCAT7Dwv6wMuRxLB6wDsFA6/jXFYo=,AU,ANDROID,3,0
824,enbGH5VJyuCjvZUCAT7Dwv6wMuRxLB6wDsFA6/jXFYo=,BB,ANDROID,1,0
825,enbGH5VJyuCjvZUCAT7Dwv6wMuRxLB6wDsFA6/jXFYo=,BE,ANDROID,7,0
826,enbGH5VJyuCjvZUCAT7Dwv6wMuRxLB6wDsFA6/jXFYo=,BO,ANDROID,1,0
827,enbGH5VJyuCjvZUCAT7Dwv6wMuRxLB6wDsFA6/jXFYo=,BR,ANDROID,83,1
828,enbGH5VJyuCjvZUCAT7Dwv6wMuRxLB6wDsFA6/jXFYo=,BY,ANDROID,1,0
829,enbGH5VJyuCjvZUCAT7Dwv6wMuRxLB6wDsFA6/jXFYo=,CA,ANDROID,6,0
830,enbGH5VJyuCjvZUCAT7Dwv6wMuRxLB6wDsFA6/jXFYo=,CH,ANDROID,2,0
831,enbGH5VJyuCjvZUCAT7Dwv6wMuRxLB6wDsFA6/jXFYo=,CL,ANDROID,9,1
832,enbGH5VJyuCjvZUCAT7Dwv6wMuRxLB6wDsFA6/jXFYo=,CO,ANDROID,8,0
833,enbGH5VJyuCjvZUCAT7Dwv6wMuRxLB6wDsFA6/jXFYo=,CR,ANDROID,4,0
834,enbGH5VJyuCjvZUCAT7Dwv6wMuRxLB6wDsFA6/jXFYo=,DE,ANDROID,36,22
835,enbGH5VJyuCjvZUCAT7Dwv6wMuRxLB6wDsFA6/jXFYo=,DK,ANDROID,2,0
836,enbGH5VJyuCjvZUCAT7Dwv6wMuRxLB6wDsFA6/jXFYo=,ES,ANDROID,6,0
837,enbGH5VJyuCjvZUCAT7Dwv6wMuRxLB6wDsFA6/jXFYo=,FI,ANDROID,1,0
838,enbGH5VJyuCjvZUCAT7Dwv6wMuRxLB6wDsFA6/jXFYo=,FR,ANDROID,9,2
839,enbGH5VJyuCjvZUCAT7Dwv6wMuRxLB6wDsFA6/jXFYo=,GB,ANDROID,28,16
840,enbGH5VJyuCjvZUCAT7Dwv6wMuRxLB6wDsFA6/jXFYo=,GR,ANDROID,3,0
841,enbGH5VJyuCjvZUCAT7Dwv6wMuRxLB6wDsFA6/jXFYo=,HU,ANDROID,6,0
842,enbGH5VJyuCjvZUCAT7Dwv6wMuRxLB6wDsFA6/jXFYo=,ID,ANDROID,1,0
843,enbGH5VJyuCjvZUCAT7Dwv6wMuRxLB6wDsFA6/jXFYo=,IL,ANDROID,1,0
844,enbGH5VJyuCjvZUCAT7Dwv6wMuRxLB6wDsFA6/jXFYo=,IN,ANDROID,1,0
845,enbGH5VJyuCjvZUCAT7Dwv6wMuRxLB6wDsFA6/jXFYo=,IT,ANDROID,12,5
846,enbGH5VJyuCjvZUCAT7Dwv6wMuRxLB6wDsFA6/jXFYo=,JO,ANDROID,1,0
847,enbGH5VJyuCjvZUCAT7Dwv6wMuRxLB6wDsFA6/jXFYo=,LU,ANDROID,1,0
848,enbGH5VJyuCjvZUCAT7Dwv6wMuRxLB6wDsFA6/jXFYo=,LV,ANDROID,1,0
849,enbGH5VJyuCjvZUCAT7Dwv6wMuRxLB6wDsFA6/jXFYo=,MX,ANDROID,11,0
850,enbGH5VJyuCjvZUCAT7Dwv6wMuRxLB6wDsFA6/jXFYo=,MY,ANDROID,1,0
851,enbGH5VJyuCjvZUCAT7Dwv6wMuRxLB6wDsFA6/jXFYo=,NL,ANDROID,14,1
852,enbGH5VJyuCjvZUCAT7Dwv6wMuRxLB6wDsFA6/jXFYo=,PE,ANDROID,1,0
853,enbGH5VJyuCjvZUCAT7Dwv6wMuRxLB6wDsFA6/jXFYo=,PH,ANDROID,1,0
854,enbGH5VJyuCjvZUCAT7Dwv6wMuRxLB6wDsFA6/jXFYo=,PL,ANDROID,4,0
855,enbGH5VJyuCjvZUCAT7Dwv6wMuRxLB6wDsFA6/jXFYo=,PR,ANDROID,2,0
856,enbGH5VJyuCjvZUCAT7Dwv6wMuRxLB6wDsFA6/jXFYo=,PT,ANDROID,3,0
857,enbGH5VJyuCjvZUCAT7Dwv6wMuRxLB6wDsFA6/jXFYo=,RO,ANDROID,1,2
858,enbGH5VJyuCjvZUCAT7Dwv6wMuRxLB6wDsFA6/jXFYo=,RU,ANDROID,2,0
859,enbGH5VJyuCjvZUCAT7Dwv6wMuRxLB6wDsFA6/jXFYo=,SE,ANDROID,1,0
860,enbGH5VJyuCjvZUCAT7Dwv6wMuRxLB6wDsFA6/jXFYo=,SG,ANDROID,1,0
861,enbGH5VJyuCjvZUCAT7Dwv6wMuRxLB6wDsFA6/jXFYo=,SK,ANDROID,1,0
862,enbGH5VJyuCjvZUCAT7Dwv6wMuRxLB6wDsFA6/jXFYo=,SV,ANDROID,1,0
863,enbGH5VJyuCjvZUCAT7Dwv6wMuRxLB6wDsFA6/jXFYo=,TH,ANDROID,8,0
864,enbGH5VJyuCjvZUCAT7Dwv6wMuRxLB6wDsFA6/jXFYo=,TR,ANDROID,2,0
865,enbGH5VJyuCjvZUCAT7Dwv6wMuRxLB6wDsFA6/jXFYo=,TT,ANDROID,1,3
866,enbGH5VJyuCjvZUCAT7Dwv6wMuRxLB6wDsFA6/jXFYo=,UA,ANDROID,4,0
867,enbGH5VJyuCjvZUCAT7Dwv6wMuRxLB6wDsFA6/jXFYo=,US,ANDROID,59,48
868,enbGH5VJyuCjvZUCAT7Dwv6wMuRxLB6wDsFA6/jXFYo=,US,IOS,1,0
869,enbGH5VJyuCjvZUCAT7Dwv6wMuRxLB6wDsFA6/jXFYo=,UY,ANDROID,2,0
870,enbGH5VJyuCjvZUCAT7Dwv6wMuRxLB6wDsFA6/jXFYo=,VE,ANDROID,1,0
871,enbGH5VJyuCjvZUCAT7Dwv6wMuRxLB6wDsFA6/jXFYo=,ZA,ANDROID,5,0
872,hEGlW4qUviWTMfO/OCX+UPNqfxVzFfb2E0JVegONLaA=,US,ANDROID,5,0
873,hEGlW4qUviWTMfO/OCX+UPNqfxVzFfb2E0JVegONLaA=,US,FIREOS,313,25
874,hM5AEq/3tvYSl7g5wfCWUSBpaME7OmvOtuYTZY8mqlw=,AR,IOS,3,0
875,hM5AEq/3tvYSl7g5wfCWUSBpaME7OmvOtuYTZY8mqlw=,AU,IOS,1,0
876,hM5AEq/3tvYSl7g5wfCWUSBpaME7OmvOtuYTZY8mqlw=,BR,IOS,4,0
877,hM5AEq/3tvYSl7g5wfCWUSBpaME7OmvOtuYTZY8mqlw=,CA,IOS,7,0
878,hM5AEq/3tvYSl7g5wfCWUSBpaME7OmvOtuYTZY8mqlw=,CH,IOS,5,0
879,hM5AEq/3tvYSl7g5wfCWUSBpaME7OmvOtuYTZY8mqlw=,CL,IOS,1,8
880,hM5AEq/3tvYSl7g5wfCWUSBpaME7OmvOtuYTZY8mqlw=,CR,IOS,1,0
881,hM5AEq/3tvYSl7g5wfCWUSBpaME7OmvOtuYTZY8mqlw=,DE,IOS,3,0
882,hM5AEq/3tvYSl7g5wfCWUSBpaME7OmvOtuYTZY8mqlw=,DK,IOS,3,0
883,hM5AEq/3tvYSl7g5wfCWUSBpaME7OmvOtuYTZY8mqlw=,ES,IOS,3,1
884,hM5AEq/3tvYSl7g5wfCWUSBpaME7OmvOtuYTZY8mqlw=,GB,IOS,19,19
885,hM5AEq/3tvYSl7g5wfCWUSBpaME7OmvOtuYTZY8mqlw=,GR,IOS,2,0
886,hM5AEq/3tvYSl7g5wfCWUSBpaME7OmvOtuYTZY8mqlw=,GT,IOS,1,0
887,hM5AEq/3tvYSl7g5wfCWUSBpaME7OmvOtuYTZY8mqlw=,HU,IOS,1,0
888,hM5AEq/3tvYSl7g5wfCWUSBpaME7OmvOtuYTZY8mqlw=,ID,IOS,1,0
889,hM5AEq/3tvYSl7g5wfCWUSBpaME7OmvOtuYTZY8mqlw=,IE,IOS,2,0
890,hM5AEq/3tvYSl7g5wfCWUSBpaME7OmvOtuYTZY8mqlw=,IL,IOS,1,0
891,hM5AEq/3tvYSl7g5wfCWUSBpaME7OmvOtuYTZY8mqlw=,IT,IOS,10,0
892,hM5AEq/3tvYSl7g5wfCWUSBpaME7OmvOtuYTZY8mqlw=,JP,IOS,1,0
893,hM5AEq/3tvYSl7g5wfCWUSBpaME7OmvOtuYTZY8mqlw=,KR,IOS,1,0
894,hM5AEq/3tvYSl7g5wfCWUSBpaME7OmvOtuYTZY8mqlw=,MX,IOS,2,0
895,hM5AEq/3tvYSl7g5wfCWUSBpaME7OmvOtuYTZY8mqlw=,MY,IOS,1,0
896,hM5AEq/3tvYSl7g5wfCWUSBpaME7OmvOtuYTZY8mqlw=,NL,IOS,7,0
897,hM5AEq/3tvYSl7g5wfCWUSBpaME7OmvOtuYTZY8mqlw=,NO,IOS,2,0
898,hM5AEq/3tvYSl7g5wfCWUSBpaME7OmvOtuYTZY8mqlw=,NZ,IOS,2,0
899,hM5AEq/3tvYSl7g5wfCWUSBpaME7OmvOtuYTZY8mqlw=,PL,IOS,7,5
900,hM5AEq/3tvYSl7g5wfCWUSBpaME7OmvOtuYTZY8mqlw=,PT,IOS,1,0
901,hM5AEq/3tvYSl7g5wfCWUSBpaME7OmvOtuYTZY8mqlw=,RO,IOS,2,0
902,hM5AEq/3tvYSl7g5wfCWUSBpaME7OmvOtuYTZY8mqlw=,SE,IOS,1,9
903,hM5AEq/3tvYSl7g5wfCWUSBpaME7OmvOtuYTZY8mqlw=,TH,IOS,3,0
904,hM5AEq/3tvYSl7g5wfCWUSBpaME7OmvOtuYTZY8mqlw=,TW,IOS,2,0
905,hM5AEq/3tvYSl7g5wfCWUSBpaME7OmvOtuYTZY8mqlw=,US,IOS,28,1
906,iJ1G5fZRQgQ4s/2AwVjX3G7SWI++Xox09x5pwVxKSYY=,GB,ANDROID,178,126
907,iQfCDAfcKyLCq7Ilvch2JUg7kfKJ2ul7SBh6ISkAwOw=,AU,IOS,33,7
908,iQfCDAfcKyLCq7Ilvch2JUg7kfKJ2ul7SBh6ISkAwOw=,CA,IOS,80,7
909,iQfCDAfcKyLCq7Ilvch2JUg7kfKJ2ul7SBh6ISkAwOw=,CH,IOS,16,0
910,iQfCDAfcKyLCq7Ilvch2JUg7kfKJ2ul7SBh6ISkAwOw=,DK,IOS,7,51
911,iQfCDAfcKyLCq7Ilvch2JUg7kfKJ2ul7SBh6ISkAwOw=,FR,ANDROID,1,0
912,iQfCDAfcKyLCq7Ilvch2JUg7kfKJ2ul7SBh6ISkAwOw=,FR,IOS,41,3
913,iQfCDAfcKyLCq7Ilvch2JUg7kfKJ2ul7SBh6ISkAwOw=,GR,IOS,1,0
914,iQfCDAfcKyLCq7Ilvch2JUg7kfKJ2ul7SBh6ISkAwOw=,NO,IOS,4,0
915,iQfCDAfcKyLCq7Ilvch2JUg7kfKJ2ul7SBh6ISkAwOw=,NZ,IOS,18,23
916,iQfCDAfcKyLCq7Ilvch2JUg7kfKJ2ul7SBh6ISkAwOw=,SE,IOS,19,1
917,iQfCDAfcKyLCq7Ilvch2JUg7kfKJ2ul7SBh6ISkAwOw=,SG,IOS,6,0
918,iQfCDAfcKyLCq7Ilvch2JUg7kfKJ2ul7SBh6ISkAwOw=,US,IOS,1,0
919,ijDG6/7V70JJBniXYaaMIwAxglLdcYleVsYSsk3jfqo=,US,ANDROID,2,0
920,kF8VlmwTIJ+qCdcECCHigNU+FJojILWhO8uZnm3/F4I=,AT,ANDROID,1,0
921,kF8VlmwTIJ+qCdcECCHigNU+FJojILWhO8uZnm3/F4I=,AT,IOS,1,0
922,kF8VlmwTIJ+qCdcECCHigNU+FJojILWhO8uZnm3/F4I=,AU,ANDROID,1,3
923,kF8VlmwTIJ+qCdcECCHigNU+FJojILWhO8uZnm3/F4I=,AU,IOS,3,0
924,kF8VlmwTIJ+qCdcECCHigNU+FJojILWhO8uZnm3/F4I=,BE,ANDROID,1,0
925,kF8VlmwTIJ+qCdcECCHigNU+FJojILWhO8uZnm3/F4I=,BR,ANDROID,2,0
926,kF8VlmwTIJ+qCdcECCHigNU+FJojILWhO8uZnm3/F4I=,CA,ANDROID,3,0
927,kF8VlmwTIJ+qCdcECCHigNU+FJojILWhO8uZnm3/F4I=,CA,IOS,1,0
928,kF8VlmwTIJ+qCdcECCHigNU+FJojILWhO8uZnm3/F4I=,CH,IOS,1,0
929,kF8VlmwTIJ+qCdcECCHigNU+FJojILWhO8uZnm3/F4I=,DE,ANDROID,1,0
930,kF8VlmwTIJ+qCdcECCHigNU+FJojILWhO8uZnm3/F4I=,DE,IOS,3,0
931,kF8VlmwTIJ+qCdcECCHigNU+FJojILWhO8uZnm3/F4I=,FR,ANDROID,2,0
932,kF8VlmwTIJ+qCdcECCHigNU+FJojILWhO8uZnm3/F4I=,FR,IOS,2,1
933,kF8VlmwTIJ+qCdcECCHigNU+FJojILWhO8uZnm3/F4I=,GB,ANDROID,10,0
934,kF8VlmwTIJ+qCdcECCHigNU+FJojILWhO8uZnm3/F4I=,GB,FIREOS,1,0
935,kF8VlmwTIJ+qCdcECCHigNU+FJojILWhO8uZnm3/F4I=,GB,IOS,16,4
936,kF8VlmwTIJ+qCdcECCHigNU+FJojILWhO8uZnm3/F4I=,GT,IOS,1,0
937,kF8VlmwTIJ+qCdcECCHigNU+FJojILWhO8uZnm3/F4I=,HK,IOS,1,0
938,kF8VlmwTIJ+qCdcECCHigNU+FJojILWhO8uZnm3/F4I=,IT,ANDROID,2,0
939,kF8VlmwTIJ+qCdcECCHigNU+FJojILWhO8uZnm3/F4I=,IT,IOS,1,0
940,kF8VlmwTIJ+qCdcECCHigNU+FJojILWhO8uZnm3/F4I=,MX,IOS,1,0
941,kF8VlmwTIJ+qCdcECCHigNU+FJojILWhO8uZnm3/F4I=,NL,IOS,1,0
942,kF8VlmwTIJ+qCdcECCHigNU+FJojILWhO8uZnm3/F4I=,NZ,ANDROID,1,0
943,kF8VlmwTIJ+qCdcECCHigNU+FJojILWhO8uZnm3/F4I=,NZ,IOS,1,0
944,kF8VlmwTIJ+qCdcECCHigNU+FJojILWhO8uZnm3/F4I=,RS,ANDROID,1,0
945,kF8VlmwTIJ+qCdcECCHigNU+FJojILWhO8uZnm3/F4I=,SV,ANDROID,1,0
946,kF8VlmwTIJ+qCdcECCHigNU+FJojILWhO8uZnm3/F4I=,US,ANDROID,16,33
947,kF8VlmwTIJ+qCdcECCHigNU+FJojILWhO8uZnm3/F4I=,US,FIREOS,6,9
948,kF8VlmwTIJ+qCdcECCHigNU+FJojILWhO8uZnm3/F4I=,US,IOS,33,16
949,mWbIld8FaygRbuehNguKguRpFn7NFtjf+kb8DUSK8Nc=,US,FIREOS,67,29
950,nBywH2jkXe6lchaCAy4Hyqq7DlI84tUpZ+YV+AOHth8=,GB,IOS,147,118
951,nBywH2jkXe6lchaCAy4Hyqq7DlI84tUpZ+YV+AOHth8=,GR,IOS,1,0
952,nBywH2jkXe6lchaCAy4Hyqq7DlI84tUpZ+YV+AOHth8=,IM,IOS,1,0
953,nBywH2jkXe6lchaCAy4Hyqq7DlI84tUpZ+YV+AOHth8=,US,IOS,2,0
954,rNAnZHpRH3zEjkGR7DVb9OpoJ1IBkuJ4MgDGEitCPxg=,AT,ANDROID,1,0
955,rNAnZHpRH3zEjkGR7DVb9OpoJ1IBkuJ4MgDGEitCPxg=,AU,ANDROID,111,72
956,rNAnZHpRH3zEjkGR7DVb9OpoJ1IBkuJ4MgDGEitCPxg=,CA,ANDROID,186,4
957,rNAnZHpRH3zEjkGR7DVb9OpoJ1IBkuJ4MgDGEitCPxg=,CA,IOS,1,0
958,rNAnZHpRH3zEjkGR7DVb9OpoJ1IBkuJ4MgDGEitCPxg=,CH,ANDROID,29,1
959,rNAnZHpRH3zEjkGR7DVb9OpoJ1IBkuJ4MgDGEitCPxg=,DE,ANDROID,1,0
960,rNAnZHpRH3zEjkGR7DVb9OpoJ1IBkuJ4MgDGEitCPxg=,DK,ANDROID,25,14
961,rNAnZHpRH3zEjkGR7DVb9OpoJ1IBkuJ4MgDGEitCPxg=,EG,ANDROID,1,0
962,rNAnZHpRH3zEjkGR7DVb9OpoJ1IBkuJ4MgDGEitCPxg=,ES,ANDROID,1,0
963,rNAnZHpRH3zEjkGR7DVb9OpoJ1IBkuJ4MgDGEitCPxg=,FR,ANDROID,278,20
964,rNAnZHpRH3zEjkGR7DVb9OpoJ1IBkuJ4MgDGEitCPxg=,FR,IOS,1,6
965,rNAnZHpRH3zEjkGR7DVb9OpoJ1IBkuJ4MgDGEitCPxg=,GR,ANDROID,1,0
966,rNAnZHpRH3zEjkGR7DVb9OpoJ1IBkuJ4MgDGEitCPxg=,IT,ANDROID,2,4
967,rNAnZHpRH3zEjkGR7DVb9OpoJ1IBkuJ4MgDGEitCPxg=,NL,ANDROID,1,0
968,rNAnZHpRH3zEjkGR7DVb9OpoJ1IBkuJ4MgDGEitCPxg=,NO,ANDROID,22,37
969,rNAnZHpRH3zEjkGR7DVb9OpoJ1IBkuJ4MgDGEitCPxg=,NZ,ANDROID,48,13
970,rNAnZHpRH3zEjkGR7DVb9OpoJ1IBkuJ4MgDGEitCPxg=,NZ,IOS,1,0
971,rNAnZHpRH3zEjkGR7DVb9OpoJ1IBkuJ4MgDGEitCPxg=,SE,ANDROID,56,15
972,rNAnZHpRH3zEjkGR7DVb9OpoJ1IBkuJ4MgDGEitCPxg=,SG,ANDROID,17,0
973,rNAnZHpRH3zEjkGR7DVb9OpoJ1IBkuJ4MgDGEitCPxg=,US,ANDROID,5,0
974,sYhZWWxVmmJQXZf8imuVw7u5honpGuvvJIQ6v7gpM3g=,AE,IOS,1,0
975,sYhZWWxVmmJQXZf8imuVw7u5honpGuvvJIQ6v7gpM3g=,AR,ANDROID,1,0
976,sYhZWWxVmmJQXZf8imuVw7u5honpGuvvJIQ6v7gpM3g=,AT,ANDROID,1,0
977,sYhZWWxVmmJQXZf8imuVw7u5honpGuvvJIQ6v7gpM3g=,AU,ANDROID,1,0
978,sYhZWWxVmmJQXZf8imuVw7u5honpGuvvJIQ6v7gpM3g=,AU,IOS,4,3
979,sYhZWWxVmmJQXZf8imuVw7u5honpGuvvJIQ6v7gpM3g=,BE,ANDROID,1,0
980,sYhZWWxVmmJQXZf8imuVw7u5honpGuvvJIQ6v7gpM3g=,BE,IOS,1,0
981,sYhZWWxVmmJQXZf8imuVw7u5honpGuvvJIQ6v7gpM3g=,BG,ANDROID,1,0
982,sYhZWWxVmmJQXZf8imuVw7u5honpGuvvJIQ6v7gpM3g=,BR,ANDROID,1,0
983,sYhZWWxVmmJQXZf8imuVw7u5honpGuvvJIQ6v7gpM3g=,BR,IOS,3,2
984,sYhZWWxVmmJQXZf8imuVw7u5honpGuvvJIQ6v7gpM3g=,CA,ANDROID,1,0
985,sYhZWWxVmmJQXZf8imuVw7u5honpGuvvJIQ6v7gpM3g=,CH,IOS,1,0
986,sYhZWWxVmmJQXZf8imuVw7u5honpGuvvJIQ6v7gpM3g=,CL,IOS,1,3
987,sYhZWWxVmmJQXZf8imuVw7u5honpGuvvJIQ6v7gpM3g=,DE,ANDROID,7,6
988,sYhZWWxVmmJQXZf8imuVw7u5honpGuvvJIQ6v7gpM3g=,DE,IOS,4,2
989,sYhZWWxVmmJQXZf8imuVw7u5honpGuvvJIQ6v7gpM3g=,DK,ANDROID,2,0
990,sYhZWWxVmmJQXZf8imuVw7u5honpGuvvJIQ6v7gpM3g=,FR,ANDROID,1,0
991,sYhZWWxVmmJQXZf8imuVw7u5honpGuvvJIQ6v7gpM3g=,FR,IOS,3,0
992,sYhZWWxVmmJQXZf8imuVw7u5honpGuvvJIQ6v7gpM3g=,GB,ANDROID,11,0
993,sYhZWWxVmmJQXZf8imuVw7u5honpGuvvJIQ6v7gpM3g=,GB,IOS,5,0
994,sYhZWWxVmmJQXZf8imuVw7u5honpGuvvJIQ6v7gpM3g=,HK,ANDROID,1,0
995,sYhZWWxVmmJQXZf8imuVw7u5honpGuvvJIQ6v7gpM3g=,HK,IOS,1,0
996,sYhZWWxVmmJQXZf8imuVw7u5honpGuvvJIQ6v7gpM3g=,HR,ANDROID,1,0
997,sYhZWWxVmmJQXZf8imuVw7u5honpGuvvJIQ6v7gpM3g=,HU,ANDROID,1,0
998,sYhZWWxVmmJQXZf8imuVw7u5honpGuvvJIQ6v7gpM3g=,IT,ANDROID,2,0
999,sYhZWWxVmmJQXZf8imuVw7u5honpGuvvJIQ6v7gpM3g=,IT,IOS,3,1
1000,sYhZWWxVmmJQXZf8imuVw7u5honpGuvvJIQ6v7gpM3g=,MX,ANDROID,1,0
1001,sYhZWWxVmmJQXZf8imuVw7u5honpGuvvJIQ6v7gpM3g=,MX,IOS,2,0
1002,sYhZWWxVmmJQXZf8imuVw7u5honpGuvvJIQ6v7gpM3g=,NL,ANDROID,1,0
1003,sYhZWWxVmmJQXZf8imuVw7u5honpGuvvJIQ6v7gpM3g=,NL,IOS,4,0
1004,sYhZWWxVmmJQXZf8imuVw7u5honpGuvvJIQ6v7gpM3g=,PL,IOS,1,0
1005,sYhZWWxVmmJQXZf8imuVw7u5honpGuvvJIQ6v7gpM3g=,PT,ANDROID,2,0
1006,sYhZWWxVmmJQXZf8imuVw7u5honpGuvvJIQ6v7gpM3g=,RO,ANDROID,1,0
1007,sYhZWWxVmmJQXZf8imuVw7u5honpGuvvJIQ6v7gpM3g=,RO,IOS,1,0
1008,sYhZWWxVmmJQXZf8imuVw7u5honpGuvvJIQ6v7gpM3g=,SE,ANDROID,2,24
1009,sYhZWWxVmmJQXZf8imuVw7u5honpGuvvJIQ6v7gpM3g=,SI,IOS,1,0
1010,sYhZWWxVmmJQXZf8imuVw7u5honpGuvvJIQ6v7gpM3g=,TW,IOS,1,0
1011,sYhZWWxVmmJQXZf8imuVw7u5honpGuvvJIQ6v7gpM3g=,US,ANDROID,24,40
1012,sYhZWWxVmmJQXZf8imuVw7u5honpGuvvJIQ6v7gpM3g=,US,FIREOS,1,0
1013,sYhZWWxVmmJQXZf8imuVw7u5honpGuvvJIQ6v7gpM3g=,US,IOS,26,80
1014,sYhZWWxVmmJQXZf8imuVw7u5honpGuvvJIQ6v7gpM3g=,VN,ANDROID,1,0
1015,sbJAUyzplgJ3zpUt3HijfNz8W/xhF7B7FYEkMiO0uQA=,AT,IOS,5,1
1016,sbJAUyzplgJ3zpUt3HijfNz8W/xhF7B7FYEkMiO0uQA=,AU,IOS,47,88
1017,sbJAUyzplgJ3zpUt3HijfNz8W/xhF7B7FYEkMiO0uQA=,CA,IOS,56,20
1018,sbJAUyzplgJ3zpUt3HijfNz8W/xhF7B7FYEkMiO0uQA=,CH,IOS,19,13
1019,sbJAUyzplgJ3zpUt3HijfNz8W/xhF7B7FYEkMiO0uQA=,DK,IOS,11,1
1020,sbJAUyzplgJ3zpUt3HijfNz8W/xhF7B7FYEkMiO0uQA=,FR,IOS,11,2
1021,sbJAUyzplgJ3zpUt3HijfNz8W/xhF7B7FYEkMiO0uQA=,NO,IOS,3,0
1022,sbJAUyzplgJ3zpUt3HijfNz8W/xhF7B7FYEkMiO0uQA=,NZ,IOS,12,23
1023,sbJAUyzplgJ3zpUt3HijfNz8W/xhF7B7FYEkMiO0uQA=,SE,IOS,13,1
1024,sbJAUyzplgJ3zpUt3HijfNz8W/xhF7B7FYEkMiO0uQA=,SG,IOS,3,0
1025,uBbOVAYbv4qp7eW4HVe/YxoO+cmSQPnBdqz8oFew8g4=,US,FIREOS,7,0
1026,xHbDDDhZFvvGlWVVixbXYbh7Lk8o7d9Ym4zCLFeyh88=,AT,IOS,3,0
1027,xHbDDDhZFvvGlWVVixbXYbh7Lk8o7d9Ym4zCLFeyh88=,AU,IOS,3,0
1028,xHbDDDhZFvvGlWVVixbXYbh7Lk8o7d9Ym4zCLFeyh88=,BE,IOS,7,2
1029,xHbDDDhZFvvGlWVVixbXYbh7Lk8o7d9Ym4zCLFeyh88=,BR,IOS,21,6
1030,xHbDDDhZFvvGlWVVixbXYbh7Lk8o7d9Ym4zCLFeyh88=,BY,IOS,1,0
1031,xHbDDDhZFvvGlWVVixbXYbh7Lk8o7d9Ym4zCLFeyh88=,CA,IOS,8,7
1032,xHbDDDhZFvvGlWVVixbXYbh7Lk8o7d9Ym4zCLFeyh88=,CH,IOS,3,0
1033,xHbDDDhZFvvGlWVVixbXYbh7Lk8o7d9Ym4zCLFeyh88=,CL,IOS,6,0
1034,xHbDDDhZFvvGlWVVixbXYbh7Lk8o7d9Ym4zCLFeyh88=,CR,IOS,1,0
1035,xHbDDDhZFvvGlWVVixbXYbh7Lk8o7d9Ym4zCLFeyh88=,CY,IOS,1,0
1036,xHbDDDhZFvvGlWVVixbXYbh7Lk8o7d9Ym4zCLFeyh88=,CZ,IOS,1,0
1037,xHbDDDhZFvvGlWVVixbXYbh7Lk8o7d9Ym4zCLFeyh88=,DE,IOS,12,9
1038,xHbDDDhZFvvGlWVVixbXYbh7Lk8o7d9Ym4zCLFeyh88=,DK,IOS,1,0
1039,xHbDDDhZFvvGlWVVixbXYbh7Lk8o7d9Ym4zCLFeyh88=,EC,IOS,2,0
1040,xHbDDDhZFvvGlWVVixbXYbh7Lk8o7d9Ym4zCLFeyh88=,EE,IOS,1,0
1041,xHbDDDhZFvvGlWVVixbXYbh7Lk8o7d9Ym4zCLFeyh88=,ES,IOS,2,1
1042,xHbDDDhZFvvGlWVVixbXYbh7Lk8o7d9Ym4zCLFeyh88=,FR,IOS,8,11
1043,xHbDDDhZFvvGlWVVixbXYbh7Lk8o7d9Ym4zCLFeyh88=,GB,ANDROID,1,9
1044,xHbDDDhZFvvGlWVVixbXYbh7Lk8o7d9Ym4zCLFeyh88=,GB,IOS,26,20
1045,xHbDDDhZFvvGlWVVixbXYbh7Lk8o7d9Ym4zCLFeyh88=,GR,IOS,3,1
1046,xHbDDDhZFvvGlWVVixbXYbh7Lk8o7d9Ym4zCLFeyh88=,HU,IOS,1,0
1047,xHbDDDhZFvvGlWVVixbXYbh7Lk8o7d9Ym4zCLFeyh88=,IN,IOS,1,0
1048,xHbDDDhZFvvGlWVVixbXYbh7Lk8o7d9Ym4zCLFeyh88=,IT,IOS,21,0
1049,xHbDDDhZFvvGlWVVixbXYbh7Lk8o7d9Ym4zCLFeyh88=,KR,IOS,1,0
1050,xHbDDDhZFvvGlWVVixbXYbh7Lk8o7d9Ym4zCLFeyh88=,MX,IOS,22,10
1051,xHbDDDhZFvvGlWVVixbXYbh7Lk8o7d9Ym4zCLFeyh88=,NL,IOS,9,6
1052,xHbDDDhZFvvGlWVVixbXYbh7Lk8o7d9Ym4zCLFeyh88=,NO,IOS,2,0
1053,xHbDDDhZFvvGlWVVixbXYbh7Lk8o7d9Ym4zCLFeyh88=,NZ,IOS,1,0
1054,xHbDDDhZFvvGlWVVixbXYbh7Lk8o7d9Ym4zCLFeyh88=,PE,IOS,1,0
1055,xHbDDDhZFvvGlWVVixbXYbh7Lk8o7d9Ym4zCLFeyh88=,PL,IOS,3,1
1056,xHbDDDhZFvvGlWVVixbXYbh7Lk8o7d9Ym4zCLFeyh88=,RU,IOS,1,12
1057,xHbDDDhZFvvGlWVVixbXYbh7Lk8o7d9Ym4zCLFeyh88=,SE,IOS,3,0
1058,xHbDDDhZFvvGlWVVixbXYbh7Lk8o7d9Ym4zCLFeyh88=,SG,IOS,1,0
1059,xHbDDDhZFvvGlWVVixbXYbh7Lk8o7d9Ym4zCLFeyh88=,TH,IOS,5,0
1060,xHbDDDhZFvvGlWVVixbXYbh7Lk8o7d9Ym4zCLFeyh88=,TR,IOS,7,1
1061,xHbDDDhZFvvGlWVVixbXYbh7Lk8o7d9Ym4zCLFeyh88=,US,IOS,93,80
1062,xHbDDDhZFvvGlWVVixbXYbh7Lk8o7d9Ym4zCLFeyh88=,UY,IOS,1,0
1063,xHbDDDhZFvvGlWVVixbXYbh7Lk8o7d9Ym4zCLFeyh88=,VE,IOS,1,0
1064,xHbDDDhZFvvGlWVVixbXYbh7Lk8o7d9Ym4zCLFeyh88=,ZA,IOS,2,0
1065,ygu5n37UIjN8kNDMLeT5Q8jWeywDU/vKgDzSQeSecgs=,US,ANDROID,1,0
1066,ygu5n37UIjN8kNDMLeT5Q8jWeywDU/vKgDzSQeSecgs=,US,FIREOS,7,0
1067,z/hmqVZMzfhkRTzoXhaWUpAv6XbZYNWmOM/Cx0T3exo=,AT,IOS,1,0
1068,z/hmqVZMzfhkRTzoXhaWUpAv6XbZYNWmOM/Cx0T3exo=,DE,ANDROID,1,0
1069,z/hmqVZMzfhkRTzoXhaWUpAv6XbZYNWmOM/Cx0T3exo=,DE,IOS,132,22
1070,z/hmqVZMzfhkRTzoXhaWUpAv6XbZYNWmOM/Cx0T3exo=,PL,IOS,1,0
1071,zCAecEsqSDHBetnjTeA4Z7PNwENrUTBe7RnH1lQOMjA=,AU,ANDROID,1,0
1072,zCAecEsqSDHBetnjTeA4Z7PNwENrUTBe7RnH1lQOMjA=,CA,ANDROID,6,0
1073,zCAecEsqSDHBetnjTeA4Z7PNwENrUTBe7RnH1lQOMjA=,GB,ANDROID,1,0
1074,zCAecEsqSDHBetnjTeA4Z7PNwENrUTBe7RnH1lQOMjA=,MX,ANDROID,3,0
1075,zCAecEsqSDHBetnjTeA4Z7PNwENrUTBe7RnH1lQOMjA=,US,ANDROID,635,124
1076,zCAecEsqSDHBetnjTeA4Z7PNwENrUTBe7RnH1lQOMjA=,US,FIREOS,4,0
1077,zCAecEsqSDHBetnjTeA4Z7PNwENrUTBe7RnH1lQOMjA=,US,IOS,3,2
1078,zCAecEsqSDHBetnjTeA4Z7PNwENrUTBe7RnH1lQOMjA=,VI,ANDROID,1,0
1079,zjZcWwTvAF2Nn0qttSIbmYG8R/PFb8btEiIjc0XT7AE=,AU,IOS,1,0
1080,zjZcWwTvAF2Nn0qttSIbmYG8R/PFb8btEiIjc0XT7AE=,BR,IOS,4,0
1081,zjZcWwTvAF2Nn0qttSIbmYG8R/PFb8btEiIjc0XT7AE=,CL,IOS,1,0
1082,zjZcWwTvAF2Nn0qttSIbmYG8R/PFb8btEiIjc0XT7AE=,DE,IOS,3,0
1083,zjZcWwTvAF2Nn0qttSIbmYG8R/PFb8btEiIjc0XT7AE=,GB,IOS,4,0
1084,zjZcWwTvAF2Nn0qttSIbmYG8R/PFb8btEiIjc0XT7AE=,HU,IOS,1,0
1085,zjZcWwTvAF2Nn0qttSIbmYG8R/PFb8btEiIjc0XT7AE=,ID,IOS,1,0
1086,zjZcWwTvAF2Nn0qttSIbmYG8R/PFb8btEiIjc0XT7AE=,IT,IOS,2,0
1087,zjZcWwTvAF2Nn0qttSIbmYG8R/PFb8btEiIjc0XT7AE=,MX,IOS,1,0
1088,zjZcWwTvAF2Nn0qttSIbmYG8R/PFb8btEiIjc0XT7AE=,NL,IOS,1,0
1089,zjZcWwTvAF2Nn0qttSIbmYG8R/PFb8btEiIjc0XT7AE=,PT,IOS,1,0
1090,zjZcWwTvAF2Nn0qttSIbmYG8R/PFb8btEiIjc0XT7AE=,SG,IOS,1,0
1091,zjZcWwTvAF2Nn0qttSIbmYG8R/PFb8btEiIjc0XT7AE=,TH,IOS,1,0
1092,zjZcWwTvAF2Nn0qttSIbmYG8R/PFb8btEiIjc0XT7AE=,TR,IOS,1,0
1093,zjZcWwTvAF2Nn0qttSIbmYG8R/PFb8btEiIjc0XT7AE=,US,IOS,4,0
1094,,AD,IOS,1,0
1095,,AD,WEBGL,3,0
1096,,AE,ANDROID,10,0
1097,,AE,IOS,245,13
1098,,AE,WEBGL,2,0
1099,,AF,IOS,1,0
1100,,AL,ANDROID,3,0
1101,,AL,IOS,23,0
1102,,AL,WEBGL,2,0
1103,,AM,ANDROID,2,0
1104,,AM,IOS,17,0
1105,,AM,WEBGL,10,0
1106,,AO,IOS,3,0
1107,,AR,ANDROID,474,1
1108,,AR,FIREOS,1,0
1109,,AR,IOS,70,1
1110,,AR,WEBGL,294,0
1111,,AT,ANDROID,309,52
1112,,AT,FIREOS,1,0
1113,,AT,IOS,447,81
1114,,AT,WEBGL,172,0
1115,,AU,ANDROID,460,358
1116,,AU,IOS,1117,379
1117,,AU,WEBGL,327,0
1118,,AW,ANDROID,2,0
1119,,AW,IOS,2,0
1120,,AX,WEBGL,1,0
1121,,AZ,ANDROID,4,0
1122,,AZ,IOS,20,0
1123,,AZ,WEBGL,1,0
1124,,BA,ANDROID,6,0
1125,,BA,FIREOS,1,0
1126,,BA,IOS,7,0
1127,,BA,WEBGL,22,0
1128,,BB,ANDROID,1,0
1129,,BB,IOS,3,0
1130,,BD,ANDROID,16,0
1131,,BD,IOS,8,0
1132,,BD,WEBGL,4,0
1133,,BE,ANDROID,217,43
1134,,BE,IOS,266,34
1135,,BE,WEBGL,360,0
1136,,BG,ANDROID,69,1
1137,,BG,IOS,58,0
1138,,BG,WEBGL,52,0
1139,,BH,ANDROID,3,0
1140,,BH,IOS,21,0
1141,,BL,IOS,1,0
1142,,BM,IOS,4,0
1143,,BM,WEBGL,1,0
1144,,BN,ANDROID,3,0
1145,,BN,IOS,13,0
1146,,BO,ANDROID,62,2
1147,,BO,IOS,10,0
1148,,BO,WEBGL,13,0
1149,,BQ,ANDROID,1,1
1150,,BR,ANDROID,1062,45
1151,,BR,IOS,431,38
1152,,BR,WEBGL,464,0
1153,,BS,IOS,3,0
1154,,BY,ANDROID,31,0
1155,,BY,IOS,117,0
1156,,BY,WEBGL,8,0
1157,,BZ,ANDROID,1,0
1158,,BZ,IOS,3,0
1159,,CA,ANDROID,879,131
1160,,CA,FIREOS,4,0
1161,,CA,IOS,1411,301
1162,,CA,WEBGL,953,0
1163,,CH,ANDROID,219,48
1164,,CH,IOS,501,208
1165,,CH,WEBGL,121,0
1166,,CI,IOS,1,0
1167,,CL,ANDROID,268,10
1168,,CL,FIREOS,2,0
1169,,CL,IOS,140,23
1170,,CL,WEBGL,138,0
1171,,CN,ANDROID,371,0
1172,,CN,IOS,6553,25
1173,,CO,ANDROID,182,2
1174,,CO,IOS,63,1
1175,,CO,WEBGL,80,0
1176,,CR,ANDROID,108,18
1177,,CR,FIREOS,1,0
1178,,CR,IOS,50,39
1179,,CR,WEBGL,16,0
1180,,CV,IOS,1,0
1181,,CW,IOS,3,0
1182,,CW,WEBGL,2,0
1183,,CY,ANDROID,11,20
1184,,CY,IOS,23,0
1185,,CY,WEBGL,1,0
1186,,CZ,ANDROID,245,51
1187,,CZ,IOS,188,9
1188,,CZ,WEBGL,188,0
1189,,DE,ANDROID,4558,896
1190,,DE,FIREOS,49,10
1191,,DE,IOS,4388,685
1192,,DE,WEBGL,1998,0
1193,,DJ,WEBGL,1,0
1194,,DK,ANDROID,132,29
1195,,DK,IOS,334,70
1196,,DK,WEBGL,117,0
1197,,DM,IOS,1,0
1198,,DO,ANDROID,7,0
1199,,DO,IOS,6,0
1200,,DO,WEBGL,4,0
1201,,DZ,ANDROID,5,0
1202,,DZ,IOS,15,0
1203,,DZ,WEBGL,2,0
1204,,EC,ANDROID,64,0
1205,,EC,FIREOS,2,0
1206,,EC,IOS,27,1
1207,,EC,WEBGL,29,0
1208,,EE,ANDROID,34,0
1209,,EE,IOS,48,3
1210,,EE,WEBGL,25,0
1211,,EG,ANDROID,22,0
1212,,EG,IOS,74,0
1213,,EG,WEBGL,12,0
1214,,ES,ANDROID,420,19
1215,,ES,IOS,445,28
1216,,ES,WEBGL,202,0
1217,,ET,IOS,2,0
1218,,FI,ANDROID,247,49
1219,,FI,IOS,151,37
1220,,FI,WEBGL,193,0
1221,,FJ,IOS,1,0
1222,,FO,IOS,1,0
1223,,FR,ANDROID,1082,111
1224,,FR,FIREOS,7,1
1225,,FR,IOS,1284,162
1226,,FR,WEBGL,1107,0
1227,,GA,IOS,1,0
1228,,GB,ANDROID,2240,718
1229,,GB,FIREOS,131,30
1230,,GB,IOS,4431,1754
1231,,GB,WEBGL,1503,0
1232,,GD,IOS,2,0
1233,,GE,ANDROID,3,0
1234,,GE,IOS,21,0
1235,,GE,WEBGL,4,0
1236,,GF,ANDROID,1,0
1237,,GF,WEBGL,1,0
1238,,GG,IOS,11,0
1239,,GG,WEBGL,1,0
1240,,GH,FIREOS,1,0
1241,,GH,IOS,1,0
1242,,GI,IOS,1,0
1243,,GI,WEBGL,1,0
1244,,GM,IOS,1,0
1245,,GN,IOS,1,0
1246,,GP,ANDROID,1,0
1247,,GP,IOS,2,0
1248,,GP,WEBGL,2,0
1249,,GR,ANDROID,110,12
1250,,GR,IOS,97,6
1251,,GR,WEBGL,129,0
1252,,GT,ANDROID,49,0
1253,,GT,IOS,18,4
1254,,GT,WEBGL,13,0
1255,,GU,ANDROID,1,0
1256,,GU,IOS,2,0
1257,,GU,WEBGL,1,0
1258,,HK,ANDROID,49,3
1259,,HK,IOS,213,3
1260,,HK,WEBGL,41,0
1261,,HN,ANDROID,13,0
1262,,HN,FIREOS,2,0
1263,,HN,IOS,10,0
1264,,HN,WEBGL,2,0
1265,,HR,ANDROID,30,13
1266,,HR,IOS,41,1
1267,,HR,WEBGL,25,0
1268,,HT,IOS,1,0
1269,,HU,ANDROID,397,16
1270,,HU,IOS,292,7
1271,,HU,WEBGL,252,0
1272,,ID,ANDROID,52,0
1273,,ID,IOS,43,0
1274,,ID,WEBGL,9,0
1275,,IE,ANDROID,44,17
1276,,IE,FIREOS,1,0
1277,,IE,IOS,93,26
1278,,IE,WEBGL,40,0
1279,,IL,ANDROID,78,12
1280,,IL,IOS,103,2
1281,,IL,WEBGL,22,0
1282,,IM,ANDROID,2,0
1283,,IM,IOS,6,0
1284,,IM,WEBGL,1,0
1285,,IN,ANDROID,87,0
1286,,IN,FIREOS,3,2
1287,,IN,IOS,279,0
1288,,IN,WEBGL,11,0
1289,,IQ,ANDROID,3,0
1290,,IQ,IOS,130,0
1291,,IQ,WEBGL,4,0
1292,,IR,ANDROID,10,0
1293,,IR,IOS,143,0
1294,,IS,ANDROID,3,0
1295,,IS,IOS,8,3
1296,,IS,WEBGL,5,0
1297,,IT,ANDROID,782,47
1298,,IT,FIREOS,2,0
1299,,IT,IOS,1198,116
1300,,IT,WEBGL,781,0
1301,,JE,ANDROID,3,1
1302,,JE,IOS,8,0
1303,,JE,WEBGL,1,0
1304,,JM,ANDROID,1,0
1305,,JM,IOS,2,0
1306,,JO,ANDROID,6,0
1307,,JO,IOS,34,0
1308,,JO,WEBGL,6,0
1309,,JP,ANDROID,40,10
1310,,JP,FIREOS,1,0
1311,,JP,IOS,88,21
1312,,JP,WEBGL,28,0
1313,,KE,ANDROID,3,0
1314,,KE,IOS,2,0
1315,,KG,ANDROID,1,0
1316,,KG,IOS,7,0
1317,,KH,IOS,9,0
1318,,KH,WEBGL,2,0
1319,,KN,IOS,1,0
1320,,KR,ANDROID,25,5
1321,,KR,IOS,55,0
1322,,KW,ANDROID,4,1
1323,,KW,IOS,126,15
1324,,KY,IOS,1,0
1325,,KZ,ANDROID,19,0
1326,,KZ,IOS,116,0
1327,,KZ,WEBGL,1,0
1328,,LA,IOS,1,0
1329,,LB,ANDROID,5,0
1330,,LB,IOS,28,0
1331,,LB,WEBGL,3,0
1332,,LI,IOS,2,0
1333,,LI,WEBGL,2,0
1334,,LK,ANDROID,1,0
1335,,LK,IOS,6,0
1336,,LK,WEBGL,5,0
1337,,LT,ANDROID,52,0
1338,,LT,FIREOS,1,0
1339,,LT,IOS,48,0
1340,,LT,WEBGL,30,0
1341,,LU,ANDROID,21,3
1342,,LU,IOS,39,0
1343,,LU,WEBGL,32,0
1344,,LV,ANDROID,41,13
1345,,LV,IOS,73,2
1346,,LV,WEBGL,25,0
1347,,LY,ANDROID,2,0
1348,,LY,IOS,9,0
1349,,MA,ANDROID,7,0
1350,,MA,IOS,30,0
1351,,MA,WEBGL,2,0
1352,,MD,ANDROID,4,0
1353,,MD,IOS,22,0
1354,,MD,WEBGL,3,0
1355,,ME,ANDROID,2,0
1356,,ME,IOS,10,0
1357,,ME,WEBGL,5,0
1358,,MF,IOS,1,0
1359,,MG,IOS,2,0
1360,,MH,IOS,1,0
1361,,MK,ANDROID,7,0
1362,,MK,IOS,8,0
1363,,MK,WEBGL,12,0
1364,,MM,ANDROID,5,0
1365,,MM,IOS,16,0
1366,,MM,WEBGL,2,0
1367,,MN,IOS,15,0
1368,,MN,WEBGL,2,0
1369,,MO,ANDROID,3,1
1370,,MO,IOS,23,0
1371,,MO,WEBGL,9,0
1372,,MP,IOS,1,0
1373,,MQ,IOS,3,0
1374,,MQ,WEBGL,3,0
1375,,MT,ANDROID,11,0
1376,,MT,IOS,13,0
1377,,MT,WEBGL,3,0
1378,,MU,ANDROID,2,0
1379,,MU,IOS,6,0
1380,,MU,WEBGL,1,0
1381,,MV,IOS,3,0
1382,,MX,ANDROID,941,17
1383,,MX,FIREOS,4,0
1384,,MX,IOS,412,77
1385,,MX,WEBGL,314,0
1386,,MY,ANDROID,106,7
1387,,MY,IOS,85,0
1388,,MY,WEBGL,20,0
1389,,MZ,IOS,1,0
1390,,NA,ANDROID,1,0
1391,,NC,ANDROID,1,0
1392,,NC,IOS,4,0
1393,,NG,IOS,2,0
1394,,NI,ANDROID,5,0
1395,,NI,IOS,2,0
1396,,NI,WEBGL,2,0
1397,,NL,ANDROID,473,30
1398,,NL,IOS,644,83
1399,,NL,WEBGL,398,0
1400,,NO,ANDROID,102,107
1401,,NO,IOS,183,45
1402,,NO,WEBGL,70,0
1403,,NP,IOS,3,0
1404,,NZ,ANDROID,195,74
1405,,NZ,IOS,271,148
1406,,NZ,WEBGL,177,0
1407,,OM,ANDROID,1,0
1408,,OM,IOS,28,1
1409,,OM,WEBGL,2,0
1410,,PA,ANDROID,6,1
1411,,PA,IOS,7,0
1412,,PA,WEBGL,4,0
1413,,PE,ANDROID,131,1
1414,,PE,IOS,51,12
1415,,PE,WEBGL,40,0
1416,,PF,ANDROID,1,0
1417,,PF,IOS,3,0
1418,,PH,ANDROID,41,0
1419,,PH,FIREOS,1,0
1420,,PH,IOS,79,0
1421,,PH,WEBGL,58,0
1422,,PK,ANDROID,9,0
1423,,PK,IOS,28,0
1424,,PK,WEBGL,2,0
1425,,PL,ANDROID,581,31
1426,,PL,IOS,357,132
1427,,PL,WEBGL,371,0
1428,,PM,IOS,1,0
1429,,PR,ANDROID,13,0
1430,,PR,IOS,23,4
1431,,PR,WEBGL,9,0
1432,,PS,IOS,9,0
1433,,PS,WEBGL,1,0
1434,,PT,ANDROID,226,3
1435,,PT,FIREOS,2,0
1436,,PT,IOS,175,5
1437,,PT,WEBGL,179,0
1438,,PY,ANDROID,21,0
1439,,PY,IOS,5,1
1440,,PY,WEBGL,3,0
1441,,QA,ANDROID,2,0
1442,,QA,IOS,51,100
1443,,RE,ANDROID,3,0
1444,,RE,IOS,9,0
1445,,RE,WEBGL,4,0
1446,,RO,ANDROID,173,3
1447,,RO,IOS,185,1
1448,,RO,WEBGL,128,0
1449,,RS,ANDROID,45,1
1450,,RS,IOS,30,0
1451,,RS,WEBGL,55,0
1452,,RU,ANDROID,536,21
1453,,RU,IOS,3383,46
1454,,RU,WEBGL,73,0
1455,,SA,ANDROID,15,0
1456,,SA,IOS,824,4
1457,,SA,WEBGL,1,0
1458,,SC,IOS,4,1
1459,,SD,WEBGL,1,0
1460,,SE,ANDROID,276,116
1461,,SE,IOS,573,119
1462,,SE,WEBGL,149,0
1463,,SG,ANDROID,80,0
1464,,SG,IOS,151,19
1465,,SG,WEBGL,20,0
1466,,SI,ANDROID,34,0
1467,,SI,IOS,33,6
1468,,SI,WEBGL,30,0
1469,,SK,ANDROID,65,0
1470,,SK,IOS,55,1
1471,,SK,WEBGL,38,0
1472,,SL,IOS,1,0
1473,,SM,IOS,1,0
1474,,SN,IOS,1,0
1475,,SN,WEBGL,4,0
1476,,ST,IOS,1,0
1477,,SV,ANDROID,63,0
1478,,SV,IOS,13,0
1479,,SV,WEBGL,4,0
1480,,SX,IOS,2,0
1481,,SY,ANDROID,3,0
1482,,SY,IOS,5,0
1483,,TH,ANDROID,63,0
1484,,TH,IOS,108,0
1485,,TH,WEBGL,56,0
1486,,TJ,IOS,1,0
1487,,TM,ANDROID,1,0
1488,,TM,IOS,5,0
1489,,TN,ANDROID,7,0
1490,,TN,IOS,12,2
1491,,TN,WEBGL,7,0
1492,,TR,ANDROID,134,0
1493,,TR,IOS,1021,31
1494,,TR,WEBGL,95,0
1495,,TT,ANDROID,6,3
1496,,TT,FIREOS,1,0
1497,,TT,IOS,7,0
1498,,TT,WEBGL,2,0
1499,,TW,ANDROID,121,24
1500,,TW,IOS,404,21
1501,,TW,WEBGL,95,0
1502,,TZ,IOS,2,0
1503,,UA,ANDROID,174,1
1504,,UA,IOS,372,0
1505,,UA,WEBGL,129,0
1506,,UG,IOS,2,0
1507,,US,ANDROID,6997,2061
1508,,US,FIREOS,2936,345
1509,,US,IOS,13372,4823
1510,,US,WEBGL,6595,0
1511,,UY,ANDROID,66,0
1512,,UY,IOS,31,0
1513,,UY,WEBGL,30,0
1514,,UZ,ANDROID,1,0
1515,,UZ,IOS,5,0
1516,,VE,ANDROID,22,0
1517,,VE,FIREOS,1,0
1518,,VE,IOS,11,0
1519,,VE,WEBGL,21,0
1520,,VI,ANDROID,1,0
1521,,VI,IOS,2,0
1522,,VN,ANDROID,70,0
1523,,VN,FIREOS,1,0
1524,,VN,IOS,100,0
1525,,VN,WEBGL,60,0
1526,,VU,IOS,1,1
1527,,YE,ANDROID,1,0
1528,,YE,IOS,3,0
1529,,ZA,ANDROID,118,3
1530,,ZA,IOS,125,5
1531,,ZA,WEBGL,22,0
1532,,ZW,ANDROID,2,0
1533,,ZW,IOS,2,0
